0,¿Se acuerdan de la película: “El día después de mañana”? Me recuerda a lo que está pasando con el huracán #Sandy. http://t.co/JQQeRPwN,/home/jncsnlp4/tb/Qwen2-VL-main/train_twitter/Medieval2015_DevSet_Images/sandyA_fake_46.jpg,fake
1,"@milenagimon: Miren a Sandy en NY!  Tremenda imagen del huracán. Parece el ""Día de la Independencia 2"" http://t.co/41jUweux REAL! RT.",/home/jncsnlp4/tb/Qwen2-VL-main/train_twitter/Medieval2015_DevSet_Images/sandyA_fake_09.jpg,fake
2,"Buena la foto del Huracán Sandy, me recuerda a la película Día de la Independencia #ID4 #Sandy  http://t.co/PTdAXABZ",/home/jncsnlp4/tb/Qwen2-VL-main/train_twitter/Medieval2015_DevSet_Images/sandyA_fake_09.jpg,fake
3,My fave place in the world #nyc #hurricane #sandy #statueofliberty 🗽 http://t.co/Ex61doZk,/home/jncsnlp4/tb/Qwen2-VL-main/train_twitter/Medieval2015_DevSet_Images/sandyA_fake_15.jpg,fake
4,Just in time for #halloween a photo of #hurricane #sandy #frankenstorm http://t.co/xquKB4VN,/home/jncsnlp4/tb/Qwen2-VL-main/train_twitter/Medieval2015_DevSet_Images/sandyA_fake_14.jpg,fake
5,Crazy pic of #Hurricane #Sandy prayers go out to family and friends on the East Coast http://t.co/c4sceiMt,/home/jncsnlp4/tb/Qwen2-VL-main/train_twitter/Medieval2015_DevSet_Images/sandyA_fake_29.jpg,fake
6,robertosalibaba  god be with u brother #sandy #hurricane #newyork http://t.co/GXheTqlO,/home/jncsnlp4/tb/Qwen2-VL-main/train_twitter/Medieval2015_DevSet_Images/sandyA_fake_08.jpg,fake
7,"Well #howdy there #hurricane #sandy . Just wanted to let you know that you took my power, internet, &amp;&amp; happi http://t.co/qKxLQEmT",/home/jncsnlp4/tb/Qwen2-VL-main/train_twitter/Medieval2015_DevSet_Images/sandyA_fake_29.jpg,fake
8,Just known this bcs of #jason #chen updated the pic! Everyone be safe! #newyork #sandy #hurricane #nature #e http://t.co/c6VTaBkT,/home/jncsnlp4/tb/Qwen2-VL-main/train_twitter/Medieval2015_DevSet_Images/sandyA_fake_29.jpg,fake
9,My thoughts and prayers go to all of the people going thru #hurricane #sandy #ct #de #ma #md #me #nc #nh #nj http://t.co/kvKzXOg1,/home/jncsnlp4/tb/Qwen2-VL-main/train_twitter/Medieval2015_DevSet_Images/sandyA_fake_48.jpg,fake
10,Stay safe my New York family...#nyc #newyork #storm #hurricane #wind http://t.co/iSdoZmLs,/home/jncsnlp4/tb/Qwen2-VL-main/train_twitter/Medieval2015_DevSet_Images/sandyA_fake_29.jpg,fake
11,Probably the coolest pic of #hurricanesandy! #hurricane #sandy #weather #storm #statueofliberty http://t.co/RCf5ZKrn,/home/jncsnlp4/tb/Qwen2-VL-main/train_twitter/Medieval2015_DevSet_Images/sandyA_fake_34.jpg,fake
12,Crazy #sandy #hurricane images. Be glad we live in the #west coast. http://t.co/c2wYXDao,/home/jncsnlp4/tb/Qwen2-VL-main/train_twitter/Medieval2015_DevSet_Images/sandyA_fake_28.jpg,fake
13,My cousin sent this to me... :: Cleveland voice :: We gon' die!!! ☁⚡☔🌊 #hurricane #hurricanesandy #sandy http://t.co/XtW4exLn,/home/jncsnlp4/tb/Qwen2-VL-main/train_twitter/Medieval2015_DevSet_Images/sandyA_fake_25.jpg,fake
14,We forget tomb unknown soldier is guard 24/7365 ! Taken today #hurricane #sandy #frankenstorm http://t.co/mFEfmCMk,/home/jncsnlp4/tb/Qwen2-VL-main/train_twitter/Medieval2015_DevSet_Images/sandyA_fake_49.jpg,fake
15,"New York ""attacked"" by Sandy.  #NewYork #statueofliberty #hurricane #Sandy #dark #attack #sky #picoftheday # http://t.co/6PSNTCj9",/home/jncsnlp4/tb/Qwen2-VL-main/train_twitter/Medieval2015_DevSet_Images/sandyA_fake_48.jpg,fake
16,This is sooo cute! #puupy #dog #hurricane #sandy #cute #adorable #flood #trees #golden #retriever #classic ☺ http://t.co/7nXoqVIY,/home/jncsnlp4/tb/Qwen2-VL-main/train_twitter/Medieval2015_DevSet_Images/sandyA_fake_35.jpg,fake
17,Shark. #Sandy #JerseyIThink #Hurricane #NYC #SomethingIsntRight #Animals #Shark #NaturalDisasterOrNot http://t.co/rylmIz5H,/home/jncsnlp4/tb/Qwen2-VL-main/train_twitter/Medieval2015_DevSet_Images/sandyA_fake_11.jpg,fake
18,The Tomb of the Unknown #Marines never take the #DayOff #Respect #NoDaysOff #Hurricane #Sandy #Superstorm http://t.co/sxsoJER6,/home/jncsnlp4/tb/Qwen2-VL-main/train_twitter/Medieval2015_DevSet_Images/sandyA_fake_03.jpg,fake
19,Lord have mercy on their souls #Hurricane #Sandy #NewYork #RIP http://t.co/MYJpbl11,/home/jncsnlp4/tb/Qwen2-VL-main/train_twitter/Medieval2015_DevSet_Images/sandyA_fake_29.jpg,fake
20,Look at this amazing pic taken today of #sandy #NYC #NewYorkCity #LadyLiberty #Hurricane #Amazing #Weather http://t.co/H4v7NbnI,/home/jncsnlp4/tb/Qwen2-VL-main/train_twitter/Medieval2015_DevSet_Images/sandyA_fake_29.jpg,fake
21,So...that's a shark swimming in someone's front yard in NJ. #Sandy #shark #landshark #hurricane #fishing #be http://t.co/Vy7NOhKp,/home/jncsnlp4/tb/Qwen2-VL-main/train_twitter/Medieval2015_DevSet_Images/sandyA_fake_11.jpg,fake
22,uh #hurricane #sandy #wind #blowing #cloudy #water #### # http://t.co/OVPam68k,/home/jncsnlp4/tb/Qwen2-VL-main/train_twitter/Medieval2015_DevSet_Images/sandyA_fake_08.jpg,fake
23,Damnnn dis joint look like those end of the world movies #repost #rp #hurricane #sandy http://t.co/6lzyWDj1,/home/jncsnlp4/tb/Qwen2-VL-main/train_twitter/Medieval2015_DevSet_Images/sandyA_fake_29.jpg,fake
24,#hurricane #sandy #NY #newyork #america #usa #sky #tube #instago #instaboy #instahub #i#instagood #instagram http://t.co/MMqpZxE8,/home/jncsnlp4/tb/Qwen2-VL-main/train_twitter/Medieval2015_DevSet_Images/sandyA_fake_29.jpg,fake
25,#NewYork #Crazy #Statue #Liberty #Hurricane #Today #Nature #2012 http://t.co/wi5DuGPH,/home/jncsnlp4/tb/Qwen2-VL-main/train_twitter/Medieval2015_DevSet_Images/sandyA_fake_48.jpg,fake
26,A picture someone took of a shark swimming by their house when it got flooded 😱 \n#NewJersey #Hurricane #Sand http://t.co/OCXLWDFY,/home/jncsnlp4/tb/Qwen2-VL-main/train_twitter/Medieval2015_DevSet_Images/sandyA_fake_11.jpg,fake
27,I hope the East Coast is doing well in those times. Thoughts are with y'all xo #hurricane #sandy #eastcoast http://t.co/9nKj08t8,/home/jncsnlp4/tb/Qwen2-VL-main/train_twitter/Medieval2015_DevSet_Images/sandyA_fake_29.jpg,fake
28,It's gettin real out in this bitch.. #repost #sandy #hurricane #bitchimashark http://t.co/s3hfZXTY,/home/jncsnlp4/tb/Qwen2-VL-main/train_twitter/Medieval2015_DevSet_Images/sandyA_fake_05.jpg,fake
29,#2012 #statueofliberty #NYC #world #ends #hurricane #sandy 😳😳 http://t.co/qYPMgIrH,/home/jncsnlp4/tb/Qwen2-VL-main/train_twitter/Medieval2015_DevSet_Images/sandyA_fake_06.jpg,fake
30,Hope all my family and friends on the east coast stay safe!! #Hurricane #sandy #ilovecali #storm #clouds #ra http://t.co/dHjMlGrc,/home/jncsnlp4/tb/Qwen2-VL-main/train_twitter/Medieval2015_DevSet_Images/sandyA_fake_29.jpg,fake
31,Still no place like it !!! RT @cruzr83: Eerie look in Manhattan. #sandy #nyc #weather #hurricane http://t.co/HKpOueN3,/home/jncsnlp4/tb/Qwen2-VL-main/train_twitter/Medieval2015_DevSet_Images/sandyA_fake_13.jpg,fake
32,#newyork I'm prayin for y'all #hurricane #sand #realimage #jesus 🙏 http://t.co/S5Daawe3,/home/jncsnlp4/tb/Qwen2-VL-main/train_twitter/Medieval2015_DevSet_Images/sandyA_fake_29.jpg,fake
33,Scary!!!! #newyork #hurricane #sandy #newyorkcity #ny #fuckingrun http://t.co/TyKfkMAj,/home/jncsnlp4/tb/Qwen2-VL-main/train_twitter/Medieval2015_DevSet_Images/sandyA_fake_09.jpg,fake
34,"Que Deus proteja o Soho, a All Saints e a XL ! #Sandy #FuracãoSandy  #Hurricane #NY #EUA http://t.co/uEXducey",/home/jncsnlp4/tb/Qwen2-VL-main/train_twitter/Medieval2015_DevSet_Images/sandyA_fake_09.jpg,fake
35,New York gonna be screwed #sandy #hurricane #newyork #fucked http://t.co/ntKAVNu4,/home/jncsnlp4/tb/Qwen2-VL-main/train_twitter/Medieval2015_DevSet_Images/sandyA_fake_29.jpg,fake
36,We forget tomb unknown soldier is guard 24/7365 ! Taken today #hurricane #sandy #frankenstorm http://t.co/mFEfmCMk,/home/jncsnlp4/tb/Qwen2-VL-main/train_twitter/Medieval2015_DevSet_Images/sandyA_fake_49.jpg,fake
37,Can't decide whether it's the  #endoftheworld or just this #fucking #sandy #hurricane trying to #destroy the http://t.co/XLsHp7wC,/home/jncsnlp4/tb/Qwen2-VL-main/train_twitter/Medieval2015_DevSet_Images/sandyA_fake_29.jpg,fake
38,That is so creepy! Praying for you NY!  #hurricane #sandy #statueofliberty http://t.co/MmXzbFDP,/home/jncsnlp4/tb/Qwen2-VL-main/train_twitter/Medieval2015_DevSet_Images/sandyA_fake_15.jpg,fake
39,THE PERFECT STORM:SANDY. #storm #nature #power #nyc #hurricane #sandy #perfect #igersnewyork #newyork #liber http://t.co/HPtWkoBg,/home/jncsnlp4/tb/Qwen2-VL-main/train_twitter/Medieval2015_DevSet_Images/sandyA_fake_29.jpg,fake
40,"Yup, this definitely makes it seem like the world's ending.. #hurricane #newyork http://t.co/nSc8eVWA",/home/jncsnlp4/tb/Qwen2-VL-main/train_twitter/Medieval2015_DevSet_Images/sandyA_fake_08.jpg,fake
41,Hurricane Sandy looks like hell. #Sandy #hurricane #ny #newyork #storm #brutal http://t.co/4W32i4RQ,/home/jncsnlp4/tb/Qwen2-VL-main/train_twitter/Medieval2015_DevSet_Images/sandyA_fake_48.jpg,fake
42,Such an awesome shot... Hope everyone's alright #hurricanesandy #hurricane #sandy #nofilter #instalikes #awe http://t.co/nSVgXNBd,/home/jncsnlp4/tb/Qwen2-VL-main/train_twitter/Medieval2015_DevSet_Images/sandyA_fake_29.jpg,fake
43,#newyork #weather #hurricane #sandy #god #bless #audhubillah #storm #🌊☔⚡ http://t.co/a07eJIzi,/home/jncsnlp4/tb/Qwen2-VL-main/train_twitter/Medieval2015_DevSet_Images/sandyA_fake_29.jpg,fake
44,That's cray 😳#nyc #hurricane #sandy #statueofliberty #newyorkharbor @ New York Harbor http://t.co/9nzjE5xY,/home/jncsnlp4/tb/Qwen2-VL-main/train_twitter/Medieval2015_DevSet_Images/sandyA_fake_29.jpg,fake
45,#sandy #ny #nypd #hurricane #hurricanesandy #storm #stunning http://t.co/bBRD6ReO,/home/jncsnlp4/tb/Qwen2-VL-main/train_twitter/Medieval2015_DevSet_Images/sandyA_fake_48.jpg,fake
46,Hurricane Sandy has arrived in NYC. #hurricane #sandy #instagreat #id4 http://t.co/u96j4PJM,/home/jncsnlp4/tb/Qwen2-VL-main/train_twitter/Medieval2015_DevSet_Images/sandyA_fake_15.jpg,fake
47,"East Coast, we all pray everything is ok and the storm would go away #amazing #picture #storm #hurricane #ny http://t.co/NyDxOm7L",/home/jncsnlp4/tb/Qwen2-VL-main/train_twitter/Medieval2015_DevSet_Images/sandyA_fake_29.jpg,fake
48,#ny #new #york #usa #winter #rain #hurricane #cool #beautiful #amazing http://t.co/gDmWySs3,/home/jncsnlp4/tb/Qwen2-VL-main/train_twitter/Medieval2015_DevSet_Images/sandyA_fake_29.jpg,fake
49,Sandy about to fuck shit up! #sandy #hurricane #hudsonriver #nyc #hurricanesandy #storm #statueofliberty #20 http://t.co/3uHRyfa8,/home/jncsnlp4/tb/Qwen2-VL-main/train_twitter/Medieval2015_DevSet_Images/sandyA_fake_29.jpg,fake
50,Thoughts going out to people of America! #hurricane #sandy #thinkingofyou http://t.co/c5DDeTB7,/home/jncsnlp4/tb/Qwen2-VL-main/train_twitter/Medieval2015_DevSet_Images/sandyA_fake_29.jpg,fake
51,#sick #photo #sandy #hurricane #newyork #rain #wind #storm #omg #feest http://t.co/Shrp4KWQ,/home/jncsnlp4/tb/Qwen2-VL-main/train_twitter/Medieval2015_DevSet_Images/sandyA_fake_29.jpg,fake
52,In case u missed it. 😮😐😬 #reallife #NY #hurricane #sandy #2012 http://t.co/x3QvKfFG,/home/jncsnlp4/tb/Qwen2-VL-main/train_twitter/Medieval2015_DevSet_Images/sandyA_fake_26.jpg,fake
53,SHARK in NJ Subs.\n#hurricane #life #animal #instapic #instamood #photogram #photography #peta #shark http://t.co/K9NQ9mxM,/home/jncsnlp4/tb/Qwen2-VL-main/train_twitter/Medieval2015_DevSet_Images/sandyA_fake_11.jpg,fake
54,Even Lady Liberty was scared 😱🗽🚣 #hurricane #sandy #2012 #lady #liberty #ny #scared #frenkenstrom #nj #tri-s http://t.co/5bjrREZA,/home/jncsnlp4/tb/Qwen2-VL-main/train_twitter/Medieval2015_DevSet_Images/sandyA_fake_47.jpg,fake
55,#hurricane #sandy #sky #ny #newyork #statue #liberty #news #amazing #omg #picoftheday #instagramers #clouds http://t.co/lfS1lYl2,/home/jncsnlp4/tb/Qwen2-VL-main/train_twitter/Medieval2015_DevSet_Images/sandyA_fake_28.jpg,fake
56,Got Sharks Swimming in the streets afte #Hurricane #Sandy came through New York http://t.co/LJzJDlJt,/home/jncsnlp4/tb/Qwen2-VL-main/train_twitter/Medieval2015_DevSet_Images/sandyA_fake_11.jpg,fake
57,#hurricane #sandy #NewYork #ny #nyc #manhattan #horrible #StatueOfLiberty #irony http://t.co/CSXAIXsw,/home/jncsnlp4/tb/Qwen2-VL-main/train_twitter/Medieval2015_DevSet_Images/sandyA_fake_29.jpg,fake
58,"No freakin' way!!! MT @hurrtrackerapp: Shark swimming in streets of Brigantine, N.J., during #Hurricane #Sandy http://t.co/SiLpmnEY",/home/jncsnlp4/tb/Qwen2-VL-main/train_twitter/Medieval2015_DevSet_Images/sandyA_fake_11.jpg,fake
59,Praying for New York. #newyork #sandy #hurricane #flood #disaster #sbcdr #prayer #instastorm Image created w http://t.co/I0Zoc5k9,/home/jncsnlp4/tb/Qwen2-VL-main/train_twitter/Medieval2015_DevSet_Images/sandyA_fake_47.jpg,fake
60,#Sandy #Hurricane #NYC Shit is looking crazyyy over there !! http://t.co/Kw2QP7Ad,/home/jncsnlp4/tb/Qwen2-VL-main/train_twitter/Medieval2015_DevSet_Images/sandyA_fake_29.jpg,fake
61,Nature is Sooo dope. #sandy #hurricane #staysafe #eastcoast #nature #liberty #eyeofstorm http://t.co/ixLQmCTZ,/home/jncsnlp4/tb/Qwen2-VL-main/train_twitter/Medieval2015_DevSet_Images/sandyA_fake_48.jpg,fake
62,ThisIsComical. (NotReal) #NYC #TimesSquare #Hurricane #Sandy #Weather #ThatBitch #RescuingTrainRats http://t.co/4M5Gsjrz,/home/jncsnlp4/tb/Qwen2-VL-main/train_twitter/Medieval2015_DevSet_Images/sandyA_fake_23.jpg,fake
63,#newyork #nyc #hurricane #sandy #frankenstorm #halloween #liberty #manhatten #storm #east #coast http://t.co/61fhZGob,/home/jncsnlp4/tb/Qwen2-VL-main/train_twitter/Medieval2015_DevSet_Images/sandyA_fake_29.jpg,fake
64,#Hurricane #Sandy #NewYork. I hope not much damage is done at my 2nd home &amp; that no one is badly hurt. http://t.co/OXIIW0DT,/home/jncsnlp4/tb/Qwen2-VL-main/train_twitter/Medieval2015_DevSet_Images/sandyA_fake_29.jpg,fake
65,meanwhile in New Jersey.. #PRAY 4 #NewJersey &amp; #EastCoast #hurricane #Sandy http://t.co/kSeObnAD,/home/jncsnlp4/tb/Qwen2-VL-main/train_twitter/Medieval2015_DevSet_Images/sandyA_fake_05.jpg,fake
66,"Holy ballz, New York. #weather #nyc #newyork #storm #sandy #hurricane #whoa #instahub #instagood #instadaily http://t.co/vkxHV6BB",/home/jncsnlp4/tb/Qwen2-VL-main/train_twitter/Medieval2015_DevSet_Images/sandyA_fake_29.jpg,fake
67,#please let this be #fake #newyork #newyorkcity #nyc #hurricane #sandy #photooftheday #news #water #statueof http://t.co/fQirLTgl,/home/jncsnlp4/tb/Qwen2-VL-main/train_twitter/Medieval2015_DevSet_Images/sandyA_fake_25.jpg,fake
68,That's cray 😳#nyc #hurricane #sandy #statueofliberty #newyorkharbor @ New York Harbor http://t.co/9nzjE5xY,/home/jncsnlp4/tb/Qwen2-VL-main/train_twitter/Medieval2015_DevSet_Images/sandyA_fake_29.jpg,fake
69,Awesome pic of #NYC as #Sandy approaches. #sky #skyline #hurricane #hurricanesandy #Statue o @ New York City http://t.co/OdVrUjd0,/home/jncsnlp4/tb/Qwen2-VL-main/train_twitter/Medieval2015_DevSet_Images/sandyA_fake_29.jpg,fake
70,#Jersey #Sandy #Hurricane #Sharks out thea heavy ! This Storm is really a messy mess ! #DC has got the #Trop http://t.co/OpUwlEHZ,/home/jncsnlp4/tb/Qwen2-VL-main/train_twitter/Medieval2015_DevSet_Images/sandyA_fake_12.jpg,fake
71,Shark week in new jersey! Live right at your front porch! #shark #flood #water #hurricane #sandy #newjersey http://t.co/29BJoWxx,/home/jncsnlp4/tb/Qwen2-VL-main/train_twitter/Medieval2015_DevSet_Images/sandyA_fake_11.jpg,fake
72,"this did not actually happen ,) #hurricanesandy #sandy #hurricane #blackout #scarry #apocalypse #igdaily #be http://t.co/ejaDyQWZ",/home/jncsnlp4/tb/Qwen2-VL-main/train_twitter/Medieval2015_DevSet_Images/sandyA_fake_23.jpg,fake
73,Maximum respect. Guarding the Unknowns during #Hurricane #Sandy http://t.co/wMFnu11Q,/home/jncsnlp4/tb/Qwen2-VL-main/train_twitter/Medieval2015_DevSet_Images/sandyA_fake_49.jpg,fake
74,In case u missed it. 😮😐😬 #reallife #NY #hurricane #sandy #2012 http://t.co/x3QvKfFG,/home/jncsnlp4/tb/Qwen2-VL-main/train_twitter/Medieval2015_DevSet_Images/sandyA_fake_26.jpg,fake
75,#Soldiers standing guard at #TombOfTheUnknowns #DC during #Hurricane #Sandy #Respect #Praying for their safe http://t.co/y56PndYW,/home/jncsnlp4/tb/Qwen2-VL-main/train_twitter/Medieval2015_DevSet_Images/sandyA_fake_02.jpg,fake
76,Shore Drive McDonalds in Virginia Beach #sandy #hurricane #staysafe #north http://t.co/GuuDE8yE,/home/jncsnlp4/tb/Qwen2-VL-main/train_twitter/Medieval2015_DevSet_Images/sandyA_fake_18.jpg,fake
77,oh you know..just driving down the street and...... Wtf is that a shark!!! #Sandy #Hurricane #2012problems http://t.co/peVPFO4L,/home/jncsnlp4/tb/Qwen2-VL-main/train_twitter/Medieval2015_DevSet_Images/sandyA_fake_05.jpg,fake
78,Am I the only one that thinks that this pic is hot? #sandy #hurricane #nyc #storm #sky http://t.co/Pqg05sLq,/home/jncsnlp4/tb/Qwen2-VL-main/train_twitter/Medieval2015_DevSet_Images/sandyA_fake_09.jpg,fake
79,#valor #dedication #honor #usarmy #totus #rain #weather #sandy #hurricane http://t.co/AFBLsK72,/home/jncsnlp4/tb/Qwen2-VL-main/train_twitter/Medieval2015_DevSet_Images/sandyA_fake_27.jpg,fake
80,RT @thinkprogress #Sandy approaches #NYC  http://t.co/49joLNpG  (via @juneambrose) #hurricane,/home/jncsnlp4/tb/Qwen2-VL-main/train_twitter/Medieval2015_DevSet_Images/sandyA_fake_14.jpg,fake
81,#goodluck #eastcoast #storm #hurricane #sandy *what a bitch!* #bestwishes #praying for you #itagalot #love # http://t.co/HshlxXtN,/home/jncsnlp4/tb/Qwen2-VL-main/train_twitter/Medieval2015_DevSet_Images/sandyA_fake_15.jpg,fake
82,Zombie apocalypse approaches RT @thinkprogress: Sandy approaches NYC  http://t.co/xUvb0meo  (via @juneambrose) #Sandy #hurricane,/home/jncsnlp4/tb/Qwen2-VL-main/train_twitter/Medieval2015_DevSet_Images/sandyA_fake_14.jpg,fake
83,No fucking way! that shit looks scary haha. #nyc #hurricane #sandy http://t.co/vsc6KPJA,/home/jncsnlp4/tb/Qwen2-VL-main/train_twitter/Medieval2015_DevSet_Images/sandyA_fake_29.jpg,fake
84,Found this on twitter. #cool #hurricane #sandy #nyc #newyorkcity #statueofliberty #newyork #storm #weather http://t.co/pRhrOMcf,/home/jncsnlp4/tb/Qwen2-VL-main/train_twitter/Medieval2015_DevSet_Images/sandyA_fake_29.jpg,fake
85,#wow -- #nyc #hurricane #sandy --- #ghosttown --- I've only seen this in movies http://t.co/VWH2CPjL,/home/jncsnlp4/tb/Qwen2-VL-main/train_twitter/Medieval2015_DevSet_Images/sandyA_fake_17.jpg,fake
86,Praying for #newyork! 😲 #sandy #hurricane #storm #nyc #newyorkcity #pray #libertystate #instagram #instaphot http://t.co/yEdMTh0C,/home/jncsnlp4/tb/Qwen2-VL-main/train_twitter/Medieval2015_DevSet_Images/sandyA_fake_29.jpg,fake
87,Just hanging with #sandy in brigantine. #nj #hurricane #sharks http://t.co/ZaNL0qqV,/home/jncsnlp4/tb/Qwen2-VL-main/train_twitter/Medieval2015_DevSet_Images/sandyA_fake_11.jpg,fake
88,Hurricane Sandy is on her way!! #photoftheday #hurricane #sandy #newyorkcity http://t.co/2HvJBOaC,/home/jncsnlp4/tb/Qwen2-VL-main/train_twitter/Medieval2015_DevSet_Images/sandyA_fake_29.jpg,fake
89,#newyork #nyc #hurricane #sandy #frankenstorm #halloween #liberty #manhatten #storm #east #coast http://t.co/61fhZGob,/home/jncsnlp4/tb/Qwen2-VL-main/train_twitter/Medieval2015_DevSet_Images/sandyA_fake_29.jpg,fake
90,"Yes that's a #shark in #atlanticcity #flood #storm #sandy #hurricane #waves (photo from twitter, unknown cre http://t.co/l6CckhK2",/home/jncsnlp4/tb/Qwen2-VL-main/train_twitter/Medieval2015_DevSet_Images/sandyA_fake_11.jpg,fake
91,Ok. Nevermind. That shit is super real. #FOH #wtf #imout #newjersey #sharks #hurricane #sandy #crazyshit http://t.co/cXNUIGdl,/home/jncsnlp4/tb/Qwen2-VL-main/train_twitter/Medieval2015_DevSet_Images/sandyA_fake_05.jpg,fake
92,"You can leave now Sandy, you proved your point!! #bipolar #angry #Hurricane #woman #Sandy http://t.co/iAiiLeOI",/home/jncsnlp4/tb/Qwen2-VL-main/train_twitter/Medieval2015_DevSet_Images/sandyA_fake_09.jpg,fake
93,#Hurricane #Sandy #Frankenstorm #NewYork #Storm #Weather #StatueOfLiberty #EastCoast #Powerful #Beautiful #N http://t.co/KZXvEvNS,/home/jncsnlp4/tb/Qwen2-VL-main/train_twitter/Medieval2015_DevSet_Images/sandyA_fake_08.jpg,fake
94,oh my god that is insane #nofilter #NYC #hurricane #sandy #skyporn #instagod #ig http://t.co/FFHEWsBN,/home/jncsnlp4/tb/Qwen2-VL-main/train_twitter/Medieval2015_DevSet_Images/sandyA_fake_29.jpg,fake
95,Woop woop.. lemme get my surfboard #Repost #Crazy #Hurricane #Sandy http://t.co/Z30k3WnB,/home/jncsnlp4/tb/Qwen2-VL-main/train_twitter/Medieval2015_DevSet_Images/sandyA_fake_25.jpg,fake
96,RT @shpev RT @BLKTAYBAMBALAM: shark on the interstate 😱 #hurricane #sandy #hurricanesandy  #shark #instadaily http://t.co/HUaHRYEd,/home/jncsnlp4/tb/Qwen2-VL-main/train_twitter/Medieval2015_DevSet_Images/sandyA_fake_05.jpg,fake
97,"All those in New York, stay safe. We keep you in our minds, love Australia. #newyork #hurricane #sandy #hurr http://t.co/enRrletq",/home/jncsnlp4/tb/Qwen2-VL-main/train_twitter/Medieval2015_DevSet_Images/sandyA_fake_29.jpg,fake
98,There's a storm coming! #sandy #hurricane #newyork #nyc #igers #picoftheday #iphonesia http://t.co/UwFK7S4S,/home/jncsnlp4/tb/Qwen2-VL-main/train_twitter/Medieval2015_DevSet_Images/sandyA_fake_29.jpg,fake
99,- Some one is WHYLIN for respect! \n#Hurricane #Sandy #WFR #Extended #Weekend #IG #photo #Crazy #Wild http://t.co/kNmsGKMk,/home/jncsnlp4/tb/Qwen2-VL-main/train_twitter/Medieval2015_DevSet_Images/sandyA_fake_06.jpg,fake
100,Wow RT@billmckibben: Boardwalk floating in sections through the flooded streets of Atlantic City http://t.co/Qp3JDvZb #sandy,/home/jncsnlp4/tb/Qwen2-VL-main/train_twitter/Medieval2015_DevSet_Images/sandyA_real_10.jpg,real
101,@JHP_777 RT @billmckibben: Boardwalk floating in sections through the flooded streets of Atlantic City http://t.co/ELU9F89q #sandy,/home/jncsnlp4/tb/Qwen2-VL-main/train_twitter/Medieval2015_DevSet_Images/sandyA_real_10.jpg,real
102,#sandy #staysafe RT @billmckibben: Boardwalk floating in sections through the flooded streets of Atlantic City http://t.co/QMcqLQss #sandy,/home/jncsnlp4/tb/Qwen2-VL-main/train_twitter/Medieval2015_DevSet_Images/sandyA_real_10.jpg,real
103,#SANDY IMPACT: Ground Zero http://t.co/qGbk7voa (via @BuzzFeedAndrew) (attn: @ShafaqHasan),/home/jncsnlp4/tb/Qwen2-VL-main/train_twitter/Medieval2015_DevSet_Images/sandyA_real_02.jpg,real
104,Amazing photo RT @WGRZ: Flooding has turned Ground Zero into a waterfall. @AP photo #NYC #Sandy http://t.co/UoQwHmZX,/home/jncsnlp4/tb/Qwen2-VL-main/train_twitter/Medieval2015_DevSet_Images/sandyA_real_04.jpg,real
105,Amazing shot by an AP photographer of water pouring into Ground Zero construction site. #Superstorm #Sandy http://t.co/R46N4K9e,/home/jncsnlp4/tb/Qwen2-VL-main/train_twitter/Medieval2015_DevSet_Images/sandyA_real_04.jpg,real
106,Incredible picture of water filling the construction site at ground zero. #NYC #flooding #sandy http://t.co/51hFjoNt,/home/jncsnlp4/tb/Qwen2-VL-main/train_twitter/Medieval2015_DevSet_Images/sandyA_real_04.jpg,real
107,Ground Zero Under Water is pretty sad :( #frankenstorm #hurricane #sandy #newyork #nyc #storm #floodings #fl http://t.co/Z4gf6kJ6,/home/jncsnlp4/tb/Qwen2-VL-main/train_twitter/Medieval2015_DevSet_Images/sandyA_real_04.jpg,real
108,Woah RT @theJFord: This photo from Ground Zero in #NYC says it all on #Sandy there. (Credit: @GettyImages) http://t.co/OHTy5IHP,/home/jncsnlp4/tb/Qwen2-VL-main/train_twitter/Medieval2015_DevSet_Images/sandyA_real_04.jpg,real
109,Ground zero flooded today in #NYC.  I am speechless! #Sandy #WTC #Flooding #GroundZero #HurricaneSandy #Fran http://t.co/KvYsSI9R,/home/jncsnlp4/tb/Qwen2-VL-main/train_twitter/Medieval2015_DevSet_Images/sandyA_real_04.jpg,real
110,Man.....Ground zero #sandy RT @AmayaRR: jasminesolano's photo http://t.co/t9tx0IiW,/home/jncsnlp4/tb/Qwen2-VL-main/train_twitter/Medieval2015_DevSet_Images/sandyA_real_04.jpg,real
111,Is this for real? RT @twc_hurricane: RT @robertcostanro: The view from Ground Zero http://t.co/wYs1FLQq  #Sandy,/home/jncsnlp4/tb/Qwen2-VL-main/train_twitter/Medieval2015_DevSet_Images/sandyA_real_04.jpg,real
112,Check this picture - http://t.co/zyfWZa6T\nFrom this tweet:\nRT @Diego_Pelayo: View of flooding at ground zero | #Sandy http://t.co/42SptFVI,/home/jncsnlp4/tb/Qwen2-VL-main/train_twitter/Medieval2015_DevSet_Images/sandyA_real_02.jpg,real
113,Ground zero flooding from #Sandy. Please pray for these folks that are in the path of this storm. http://t.co/ydXOAWB5,/home/jncsnlp4/tb/Qwen2-VL-main/train_twitter/Medieval2015_DevSet_Images/sandyA_real_04.jpg,real
114,So sad - water @ ground zero construction site #sandy by kelsomer http://t.co/iwVNvgbM http://t.co/Zuwbv9Dr,/home/jncsnlp4/tb/Qwen2-VL-main/train_twitter/Medieval2015_DevSet_Images/sandyA_real_04.jpg,real
115,Ground Zero is underwater! #unreal #lookslikeadisastermovie #sandy #flooding http://t.co/b5WWPaO4,/home/jncsnlp4/tb/Qwen2-VL-main/train_twitter/Medieval2015_DevSet_Images/sandyA_real_02.jpg,real
116,Il cantiere di Ground Zero è totalmente allagato #sandy #ny #newyork http://t.co/UUi1h4Tv,/home/jncsnlp4/tb/Qwen2-VL-main/train_twitter/Medieval2015_DevSet_Images/sandyA_real_04.jpg,real
117,"NYC getting pounded by #sandy Rt ""@ethanklapper: Ground Zero = Flooded (AP Photo/John Minchillo) http://t.co/xkABQWhJ""",/home/jncsnlp4/tb/Qwen2-VL-main/train_twitter/Medieval2015_DevSet_Images/sandyA_real_04.jpg,real
118,#sandy at the #wtc ground zero construction site. Still unsure exactly where this is. http://t.co/aKncC1qn,/home/jncsnlp4/tb/Qwen2-VL-main/train_twitter/Medieval2015_DevSet_Images/sandyA_real_04.jpg,real
119,"This picture is unreal, flood waters at Ground Zero construction site #sandy http://t.co/vp7cPrNS",/home/jncsnlp4/tb/Qwen2-VL-main/train_twitter/Medieval2015_DevSet_Images/sandyA_real_04.jpg,real
120,INSANE pics: 1)Ground Zero inundated: http://t.co/KJykc8x8  2)#Sandy busting thru Hoboken PATH station: http://t.co/bAp02AJX,/home/jncsnlp4/tb/Qwen2-VL-main/train_twitter/Medieval2015_DevSet_Images/sandyA_real_01.jpg,real
121,Via 60minutes - Ground Zero site flooding. Mother Nature is not playin right now. #Sandy #NYC http://t.co/ouYqIOzt”,/home/jncsnlp4/tb/Qwen2-VL-main/train_twitter/Medieval2015_DevSet_Images/sandyA_real_04.jpg,real
122,"Allagata Ground Zero, la foto è impressionante https://t.co/mbkj6ReK (via @NewYorkPost) #sandy #newyork",/home/jncsnlp4/tb/Qwen2-VL-main/train_twitter/Medieval2015_DevSet_Images/sandyA_real_04.jpg,real
123,Water floods Ground Zero construction site #silenthill #sandy http://t.co/XIRFlhql,/home/jncsnlp4/tb/Qwen2-VL-main/train_twitter/Medieval2015_DevSet_Images/sandyA_real_04.jpg,real
124,.RT @twc_hurricane: RT @robertcostanro: The view from Ground Zero http://t.co/HutlGDDr  #Sandy,/home/jncsnlp4/tb/Qwen2-VL-main/train_twitter/Medieval2015_DevSet_Images/sandyA_real_04.jpg,real
125,RT @thestormreport: Ground Zero - the World Trade Center site is now flooding.  Image from AP.  #Sandy http://t.co/Axn1jBKr,/home/jncsnlp4/tb/Qwen2-VL-main/train_twitter/Medieval2015_DevSet_Images/sandyA_real_04.jpg,real
126,RT @raymondjlee: OMG Apparently Ground Zero is Flooding.... #Sandy #SayingAPrayerForNY http://t.co/8bMQtfiG,/home/jncsnlp4/tb/Qwen2-VL-main/train_twitter/Medieval2015_DevSet_Images/sandyA_real_04.jpg,real
127,"Ground zero, flooded (via ap) #HurricaneSandy #sandy #Hurricane #GodBless #flooding #flood #horrible #sandy http://t.co/HXUX2TMW",/home/jncsnlp4/tb/Qwen2-VL-main/train_twitter/Medieval2015_DevSet_Images/sandyA_real_04.jpg,real
128,Ground Zero #Ground #Zero #NYC #New #York #City #Hurricane #Sandy #Sea #Hudson http://t.co/lxrRYXJ5,/home/jncsnlp4/tb/Qwen2-VL-main/train_twitter/Medieval2015_DevSet_Images/sandyA_real_04.jpg,real
129,Wow!!! RT @CatchMeOnTour: Ground Zero being bombarded with water :( #HurricaneSandy #NYC #Storm #Flooding http://t.co/pBhMkFfH,/home/jncsnlp4/tb/Qwen2-VL-main/train_twitter/Medieval2015_DevSet_Images/sandyA_real_04.jpg,real
130,#ManhattanNY Ground Zero construction site flooded. #Sandy #BREAKING http://t.co/WututGQ4,/home/jncsnlp4/tb/Qwen2-VL-main/train_twitter/Medieval2015_DevSet_Images/sandyA_real_04.jpg,real
131,@hunterwalk: Amazing pic of Ground Zero flooding in NYC #Sandy http://t.co/UXLZD7Bl\nShared via TweetCaster,/home/jncsnlp4/tb/Qwen2-VL-main/train_twitter/Medieval2015_DevSet_Images/sandyA_real_04.jpg,real
132,"RT @AdrianBono: [FOTO] Imagen impresionante de @AP. Se inunda Ground Zero, donde estaban las Torres Gemelas. #Sandy https://t.co/AHpGt1kY",/home/jncsnlp4/tb/Qwen2-VL-main/train_twitter/Medieval2015_DevSet_Images/sandyA_real_04.jpg,real
133,Omg.... RT @EdPiotrowski Flood waters inundate Ground Zero construction site in NYC #sandy http://t.co/0hvaI4JG,/home/jncsnlp4/tb/Qwen2-VL-main/train_twitter/Medieval2015_DevSet_Images/sandyA_real_04.jpg,real
134,Ground Zero 😣 #prayers for all those effected by #HurricaneSandy!!! Heartbreaking!! 💔 http://t.co/gVtHAtYF,/home/jncsnlp4/tb/Qwen2-VL-main/train_twitter/Medieval2015_DevSet_Images/sandyA_real_04.jpg,real
135,"💔  So sad, Praying for NYC &amp; The Whole East Coast #hurricanesandy #groundzero #Pray http://t.co/qqbccRiW",/home/jncsnlp4/tb/Qwen2-VL-main/train_twitter/Medieval2015_DevSet_Images/sandyA_real_04.jpg,real
136,#groundzero #hurricanesandy #newyork #storm #sandy #crazy #speachless http://t.co/Xh3hTKai,/home/jncsnlp4/tb/Qwen2-VL-main/train_twitter/Medieval2015_DevSet_Images/sandyA_real_04.jpg,real
137,Wow check out groundZero  #hurricanesandy #sandy #911 #groundZero #currentsituation http://t.co/otIozM8m,/home/jncsnlp4/tb/Qwen2-VL-main/train_twitter/Medieval2015_DevSet_Images/sandyA_real_04.jpg,real
138,Pray for New York!!!! 🙏🙏🙏 #NewYork #HurricaneSandy #GroundZero #GoodTimes #Me #True #Instamood #Instagood #I http://t.co/DnGiySgP,/home/jncsnlp4/tb/Qwen2-VL-main/train_twitter/Medieval2015_DevSet_Images/sandyA_real_04.jpg,real
139,#Groundzero #nyc #hurricanesandy #instagram #wow #mothernature http://t.co/lzzqJkc4,/home/jncsnlp4/tb/Qwen2-VL-main/train_twitter/Medieval2015_DevSet_Images/sandyA_real_04.jpg,real
140,“@nynewsn: Waterfalls of #GroundZero\nhttp://t.co/rcG40ZyC #nyc #newyork #sandy” @OzgeMemisoglu bak gecen gun oldugun yer ne halde!,/home/jncsnlp4/tb/Qwen2-VL-main/train_twitter/Medieval2015_DevSet_Images/sandyA_real_04.jpg,real
141,Dam #mothernature you #scary #groundzero #nyc #sandy #worldgoingtoshit http://t.co/PZqayJd9,/home/jncsnlp4/tb/Qwen2-VL-main/train_twitter/Medieval2015_DevSet_Images/sandyA_real_04.jpg,real
142,#groundzero #sandy #cityunderwater pray for these people. God help them🙏 http://t.co/ffjYAy0d,/home/jncsnlp4/tb/Qwen2-VL-main/train_twitter/Medieval2015_DevSet_Images/sandyA_real_04.jpg,real
143,An unbelievable shot of #groundzero after #flooding from #sandy - #notourphoto http://t.co/VrIe3GXq,/home/jncsnlp4/tb/Qwen2-VL-main/train_twitter/Medieval2015_DevSet_Images/sandyA_real_04.jpg,real
144,#groundzero flooded by #sandy  looks amazing though disaster aside http://t.co/ZTWTC0h2,/home/jncsnlp4/tb/Qwen2-VL-main/train_twitter/Medieval2015_DevSet_Images/sandyA_real_04.jpg,real
145,Water gushing into the #GroundZero construction site #NY #Sandy http://t.co/JZzKwTjB,/home/jncsnlp4/tb/Qwen2-VL-main/train_twitter/Medieval2015_DevSet_Images/sandyA_real_04.jpg,real
146,#sea #water #floods #ground #zero #construction #site #NY #sandy http://t.co/LslUl4cd,/home/jncsnlp4/tb/Qwen2-VL-main/train_twitter/Medieval2015_DevSet_Images/sandyA_real_04.jpg,real
147,#groundzero in #nyc during #sandy stay safe east coast friends! http://t.co/Z1jixJBE,/home/jncsnlp4/tb/Qwen2-VL-main/train_twitter/Medieval2015_DevSet_Images/sandyA_real_04.jpg,real
148,Powerful images streaming in from #Sandy's arrival #groundzero\nhttp://t.co/Epd4jqsG http://t.co/PM126nCe,/home/jncsnlp4/tb/Qwen2-VL-main/train_twitter/Medieval2015_DevSet_Images/sandyA_real_04.jpg,real
149,Because of #sandy this is what #groundzero looks like in #newyork!! #godbless http://t.co/bv0NOdZA,/home/jncsnlp4/tb/Qwen2-VL-main/train_twitter/Medieval2015_DevSet_Images/sandyA_real_04.jpg,real
150,Took this from #hurricanesandy fb page. This is the #groundzero construction site. #nyc #hurricane #sandy http://t.co/3ANYiZMt,/home/jncsnlp4/tb/Qwen2-VL-main/train_twitter/Medieval2015_DevSet_Images/sandyA_real_04.jpg,real
151,Ground zero flooding from #Sandy. Please pray for these folks that are in the path of this storm. http://t.co/ydXOAWB5,/home/jncsnlp4/tb/Qwen2-VL-main/train_twitter/Medieval2015_DevSet_Images/sandyA_real_04.jpg,real
152,L'immagine simbolo di NY oggi è l'acqua a cascata nel cantiere di Ground Zero #Sandy\nhttp://t.co/x7GINJe6 (via @Maumol)\n#staystrongAmerica,/home/jncsnlp4/tb/Qwen2-VL-main/train_twitter/Medieval2015_DevSet_Images/sandyA_real_04.jpg,real
153,Ground Zero looks like Niagara Falls! (Image via ap) #sandy #NYC  @ Ground Zero http://t.co/3LfVRcUk,/home/jncsnlp4/tb/Qwen2-VL-main/train_twitter/Medieval2015_DevSet_Images/sandyA_real_04.jpg,real
154,Pray for our east coast brothers and sisters. Ground zero is flooded... #Sandy http://t.co/FY4KajML,/home/jncsnlp4/tb/Qwen2-VL-main/train_twitter/Medieval2015_DevSet_Images/sandyA_real_04.jpg,real
155,This photo of sea water flooding Ground Zero in #NYC is heartbreaking. #Sandy (via AP/John Minchillo) http://t.co/gARvHZhW,/home/jncsnlp4/tb/Qwen2-VL-main/train_twitter/Medieval2015_DevSet_Images/sandyA_real_04.jpg,real
156,"RT @DarrenSweeney: Rt ""@ethanklapper: Ground Zero = Flooded (AP Photo/John Minchillo) #Sandy http://t.co/8PkjAW3i""",/home/jncsnlp4/tb/Qwen2-VL-main/train_twitter/Medieval2015_DevSet_Images/sandyA_real_04.jpg,real
157,Flood waters are currently inundating the Ground Zero construction site in New York City. http://t.co/XJ0zH6UH #Sandy,/home/jncsnlp4/tb/Qwen2-VL-main/train_twitter/Medieval2015_DevSet_Images/sandyA_real_04.jpg,real
158,“@wkyc Flooding has turned Ground Zero into a waterfall. @AP photo #NYC #Sandy http://t.co/gLKipCUQ”,/home/jncsnlp4/tb/Qwen2-VL-main/train_twitter/Medieval2015_DevSet_Images/sandyA_real_04.jpg,real
159,Ground zero flooding #nyc #sandy #superstorm #frankenstorm #hurricane http://t.co/dc5RF6Ng,/home/jncsnlp4/tb/Qwen2-VL-main/train_twitter/Medieval2015_DevSet_Images/sandyA_real_04.jpg,real
160,Water rushing at Ground Zero construction site.  #hurricane #hurricanesandy #praying #staysafenyc http://t.co/gp3wWEDX,/home/jncsnlp4/tb/Qwen2-VL-main/train_twitter/Medieval2015_DevSet_Images/sandyA_real_04.jpg,real
161,“@kellyanncollins: Here is a better pic of the #GroundZero World Trade Center flooding - http://t.co/cPLZp7Mx #sandy #sandynyc”,/home/jncsnlp4/tb/Qwen2-VL-main/train_twitter/Medieval2015_DevSet_Images/sandyA_real_04.jpg,real
162,“@THEREAL_McMandi: #repost damn... #NY #HurricaneSandy http://t.co/xbPObQjG” | MOTHER NATURE AIN'T PLAYING!! LOOK. REPOST. PRAY #Sandy 😱🙏🙏,/home/jncsnlp4/tb/Qwen2-VL-main/train_twitter/Medieval2015_DevSet_Images/sandyA_real_06.jpg,real
163,"Wow. RT @doorsixteen: 7PM. Plymouth St &amp; lower park areas flooded, water now breaching carousel.  #brooklyn #sandy http://t.co/s4XfsyK9",/home/jncsnlp4/tb/Qwen2-VL-main/train_twitter/Medieval2015_DevSet_Images/sandyA_real_14.jpg,real
164,"RT @NYMag RT @doorsixteen: 7PM. Plymouth St &amp; lower park areas flooded, water breaching carousel. #Sandy  http://t.co/YanBj0hq So sad.",/home/jncsnlp4/tb/Qwen2-VL-main/train_twitter/Medieval2015_DevSet_Images/sandyA_real_14.jpg,real
165,"RT @doorsixteen: 7pm. Plymouth St + lower park areas flooded, water breaching carousel. http://t.co/PYcJrK63 #Sandy #NYC #NYSandy",/home/jncsnlp4/tb/Qwen2-VL-main/train_twitter/Medieval2015_DevSet_Images/sandyA_real_14.jpg,real
166,"7PM. Plymouth St &amp; lower park areas flooded, water now breaching carousel. #dumbo #brooklyn #sandy http://t.co/jnxDlF34",/home/jncsnlp4/tb/Qwen2-VL-main/train_twitter/Medieval2015_DevSet_Images/sandyA_real_14.jpg,real
167,Inundación en la Zona Cero de Nueva York por huracán #Sandy.#NewYork http://t.co/f7MraGSv,/home/jncsnlp4/tb/Qwen2-VL-main/train_twitter/Medieval2015_DevSet_Images/sandyA_real_04.jpg,real
168,RT @LaJornada Inundación en la Zona Cero de Nueva York por huracán #Sandy. Foto: AP #GroundZero #NewYork http://t.co/1jjH3Dmm,/home/jncsnlp4/tb/Qwen2-VL-main/train_twitter/Medieval2015_DevSet_Images/sandyA_real_04.jpg,real
169,Inundación en la Zona Cero de Nueva York por huracán #Sandy. Foto: AP #GroundZero #NewYork http://t.co/f5QswEAX,/home/jncsnlp4/tb/Qwen2-VL-main/train_twitter/Medieval2015_DevSet_Images/sandyA_real_04.jpg,real
170,Front facade of a building on 92nd ripped off! #nyc #sandy #hell http://t.co/XnSq4ZOT,/home/jncsnlp4/tb/Qwen2-VL-main/train_twitter/Medieval2015_DevSet_Images/sandyA_real_09.jpg,real
171,Front of building falls off in Chelsea. #sandy #frankenstorm #nyc http://t.co/N1jR4qeM,/home/jncsnlp4/tb/Qwen2-VL-main/train_twitter/Medieval2015_DevSet_Images/sandyA_real_09.jpg,real
172,La Zona Cero de Nueva York transformada en una cascada por la súpertormenta #Sandy http://t.co/TnE5Tp0v,/home/jncsnlp4/tb/Qwen2-VL-main/train_twitter/Medieval2015_DevSet_Images/sandyA_real_04.jpg,real
173,En Instagram: La Zona Cero de Nueva York transformada en una cascada por la súpertormenta #Sandy http://t.co/T6YeKeDi,/home/jncsnlp4/tb/Qwen2-VL-main/train_twitter/Medieval2015_DevSet_Images/sandyA_real_04.jpg,real
174,Damn. World Trade Center right now. #Flooded #WaterFall #HurricaneSandy http://t.co/oHVij5s5,/home/jncsnlp4/tb/Qwen2-VL-main/train_twitter/Medieval2015_DevSet_Images/sandyA_real_04.jpg,real
175,FDR Manhattan #34thStreet #Washout #HurricaneSandy #FrankenStorm http://t.co/Scf5P0d4,/home/jncsnlp4/tb/Qwen2-VL-main/train_twitter/Medieval2015_DevSet_Images/sandyA_real_06.jpg,real
176,@InmaNaBel: Impresionante imagen de la zona del World Trade Center inundándose #Sandy http://t.co/EBgpk61h (vía @BreakingNewsChi),/home/jncsnlp4/tb/Qwen2-VL-main/train_twitter/Medieval2015_DevSet_Images/sandyA_real_04.jpg,real
177,#Sandy Le site de la reconstruction du World Trade Center à New York est inondé. https://t.co/g7hFYqj1,/home/jncsnlp4/tb/Qwen2-VL-main/train_twitter/Medieval2015_DevSet_Images/sandyA_real_04.jpg,real
178,"La foto más difundida de los destrozos de #Sandy en #NY es esta de la ""Zona cero"" del WTC http://t.co/LXmMt0ax",/home/jncsnlp4/tb/Qwen2-VL-main/train_twitter/Medieval2015_DevSet_Images/sandyA_real_04.jpg,real
179,Imagen: La zona del World Trade Center comienza a inundarse #Sandy http://t.co/mgBBqUXr,/home/jncsnlp4/tb/Qwen2-VL-main/train_twitter/Medieval2015_DevSet_Images/sandyA_real_04.jpg,real
180,Impresionante imagen de la zona del World Trade Center inundándose  #Sandy http://t.co/xpaXSDvS (vía @BreakingNewsChi),/home/jncsnlp4/tb/Qwen2-VL-main/train_twitter/Medieval2015_DevSet_Images/sandyA_real_04.jpg,real
181,"Esto es Seaside Heights, donde se grabó Jersey Shore, después del huracán Sandy http://t.co/zjOYQfck",/home/jncsnlp4/tb/Qwen2-VL-main/train_twitter/Medieval2015_DevSet_Images/sandyA_real_27.jpg,real
182,Hurrican Sandy At Fucking Around... #lmao #funny #shit #dying #hilarious #wow #insane #crazy #trampoline #wi http://t.co/2hVeHqPW,/home/jncsnlp4/tb/Qwen2-VL-main/train_twitter/Medieval2015_DevSet_Images/sandyA_real_05.jpg,real
183,Hurricane Sandy is killing redhook and it's only about 9hrs away from starting. http://t.co/X3TpnF1N,/home/jncsnlp4/tb/Qwen2-VL-main/train_twitter/Medieval2015_DevSet_Images/sandyA_real_11.jpg,real
184,Lower East Side manhattan. Hurricane Sandy. #hurricanesandy http://t.co/PT2qgKL7,/home/jncsnlp4/tb/Qwen2-VL-main/train_twitter/Medieval2015_DevSet_Images/sandyA_real_03.jpg,real
185,"Sandy ain't no Irene, this is Red Hook now. If you live in Zone 1 evacuate!! Take heed to the warning. http://t.co/2eeFwcO9",/home/jncsnlp4/tb/Qwen2-VL-main/train_twitter/Medieval2015_DevSet_Images/sandyA_real_11.jpg,real
186,Prayers go out to all those that are/will be affected by Hurricane Sandy. http://t.co/q4B0jUCU,/home/jncsnlp4/tb/Qwen2-VL-main/train_twitter/Medieval2015_DevSet_Images/sandyA_real_33.jpg,real
187,"Another amazing Sandy photo — a flooded parking lot filled with taxi cabs in Hoboken, N.J. http://t.co/uYHGpUFc",/home/jncsnlp4/tb/Qwen2-VL-main/train_twitter/Medieval2015_DevSet_Images/sandyA_real_18.jpg,real
188,Sandy is cruel..how will they ever jump for joy..RT @KidFury: Who's gonna get that shit down? http://t.co/HWDZiXiX,/home/jncsnlp4/tb/Qwen2-VL-main/train_twitter/Medieval2015_DevSet_Images/sandyA_real_05.jpg,real
189,"Damn Hurricane Sandy, you did Seaside Heights dirty. Glad i went this summer,praying for victims. http://t.co/s2x55XkG",/home/jncsnlp4/tb/Qwen2-VL-main/train_twitter/Medieval2015_DevSet_Images/sandyA_real_27.jpg,real
190,#Sandy laid the smack down on a building on 15th and 8th ave.  @ Frankenstorm Apocalypse - Hurricane Sandy http://t.co/JlhgaWfm,/home/jncsnlp4/tb/Qwen2-VL-main/train_twitter/Medieval2015_DevSet_Images/sandyA_real_09.jpg,real
191,"Hurricane Sandy in New York RT @ruvr_ru @MarionSeraphine: #nyc #Sandy #Frankenstorm http://t.co/b38rpE1z""",/home/jncsnlp4/tb/Qwen2-VL-main/train_twitter/Medieval2015_DevSet_Images/sandyA_real_30.jpg,real
192,Latest full disk image of Earth puts Hurricane Sandy into perspective. http://t.co/XYCh10VU,/home/jncsnlp4/tb/Qwen2-VL-main/train_twitter/Medieval2015_DevSet_Images/sandyA_real_33.jpg,real
193,"Wow, look what #sandy threw on shore!!...sandy aint playin.  Stay safe people http://t.co/RXwF9vAt",/home/jncsnlp4/tb/Qwen2-VL-main/train_twitter/Medieval2015_DevSet_Images/sandyA_real_29.jpg,real
194,"This is what happen to east coast after the devastating hurricane named ""sandy"" strikes .. Let's #pray for t http://t.co/zckSM7t6",/home/jncsnlp4/tb/Qwen2-VL-main/train_twitter/Medieval2015_DevSet_Images/sandyA_real_24.jpg,real
195,Super Storm Sandy\nAt least 33 dead and more than 7m without power after Sandy brought punishing winds and severe f http://t.co/789py8ZR,/home/jncsnlp4/tb/Qwen2-VL-main/train_twitter/Medieval2015_DevSet_Images/sandyA_real_24.jpg,real
196,"nasagoddard's photo - hoo boy! It's a big one, that Hurricane Sandy! http://t.co/oAOuJZOL",/home/jncsnlp4/tb/Qwen2-VL-main/train_twitter/Medieval2015_DevSet_Images/sandyA_real_33.jpg,real
197,This is so fucking bad !... 😐  Sandy and frankenstorm. Lower part of manhattan http://t.co/WZ4zStx0,/home/jncsnlp4/tb/Qwen2-VL-main/train_twitter/Medieval2015_DevSet_Images/sandyA_real_03.jpg,real
198,"A fantastic NASA photo of Sandy... Pretty horrific. ☁☔🌊🍃⚡🌀 #hurricanesandy #frankenstorm  @ Cockeysville, MD http://t.co/ODYEVBPI",/home/jncsnlp4/tb/Qwen2-VL-main/train_twitter/Medieval2015_DevSet_Images/sandyA_real_50.jpg,real
199,Hurricane Sandy as seen from space. 😳💨🌎🌌 #hurricanesandy #earth #itgonrain #frankenstorm http://t.co/AbCCwiy8,/home/jncsnlp4/tb/Qwen2-VL-main/train_twitter/Medieval2015_DevSet_Images/sandyA_real_33.jpg,real
200,What hurricane sandy has done in Pennsylvania #Dang #Sandy #Crazy #Trampoline #PowerLines #Hurricane ☁☔ http://t.co/tfouKKUD,/home/jncsnlp4/tb/Qwen2-VL-main/train_twitter/Medieval2015_DevSet_Images/sandyA_real_05.jpg,real
201,Keeping everyone affect by sandy in my thoughts and prayers. http://t.co/mRi5QEKC,/home/jncsnlp4/tb/Qwen2-VL-main/train_twitter/Medieval2015_DevSet_Images/sandyA_real_06.jpg,real
202,Nueva York 29/10/12 huracán Sandy #huracánSandy #Frakenstorm foto 2 http://t.co/OnLdr6xX,/home/jncsnlp4/tb/Qwen2-VL-main/train_twitter/Medieval2015_DevSet_Images/sandyA_real_11.jpg,real
203,dwm1212's photo http://t.co/zOMC1oTY saying prayers for all of those effected by hurricane Sandy.,/home/jncsnlp4/tb/Qwen2-VL-main/train_twitter/Medieval2015_DevSet_Images/sandyA_real_18.jpg,real
204,I don't think sandy wants another season of jersey shore either.. http://t.co/pY08B7Tf,/home/jncsnlp4/tb/Qwen2-VL-main/train_twitter/Medieval2015_DevSet_Images/sandyA_real_28.jpg,real
205,#Re-post  Photo of Hurricane Sandy destruction in midtown NYC http://t.co/3CKn8yoQ,/home/jncsnlp4/tb/Qwen2-VL-main/train_twitter/Medieval2015_DevSet_Images/sandyA_real_20.jpg,real
206,"Satellite image of hurricane Sandy. Everyone, please pray for those affected along the East coast down throu http://t.co/UXVpegLX",/home/jncsnlp4/tb/Qwen2-VL-main/train_twitter/Medieval2015_DevSet_Images/sandyA_real_33.jpg,real
207,Foto de @luciacnn .. Un regalo que dejo Sandy a la comunidad. http://t.co/4aGvnzuD,/home/jncsnlp4/tb/Qwen2-VL-main/train_twitter/Medieval2015_DevSet_Images/sandyA_real_05.jpg,real
208,Trampoline tangled in power lines. Hurricane Sandy. #hurricanesandy http://t.co/VspIboL5,/home/jncsnlp4/tb/Qwen2-VL-main/train_twitter/Medieval2015_DevSet_Images/sandyA_real_05.jpg,real
209,An aerial on the devestation occuring over night in #USA sandy has destroyed so many yellow cabs.. Pray for http://t.co/FX3N4cYH,/home/jncsnlp4/tb/Qwen2-VL-main/train_twitter/Medieval2015_DevSet_Images/sandyA_real_17.jpg,real
210,Hurricane Sandy. #hurricanesandy  Follow me for more photos!!!! http://t.co/6f3tZ322,/home/jncsnlp4/tb/Qwen2-VL-main/train_twitter/Medieval2015_DevSet_Images/sandyA_real_33.jpg,real
211,"A look @ Hurricane Sandy from a global perspective, it just became real! Be safe every1 http://t.co/hHY8Lhyk",/home/jncsnlp4/tb/Qwen2-VL-main/train_twitter/Medieval2015_DevSet_Images/sandyA_real_33.jpg,real
212,nasagoddard's photo http://t.co/Vl9MKKqS @siena_miller you feelin this hurricane girl?,/home/jncsnlp4/tb/Qwen2-VL-main/train_twitter/Medieval2015_DevSet_Images/sandyA_real_28.jpg,real
213,"To those that were/are ignorant by saying that the northeast coast was being ""over dramatic"" about Sandy...j http://t.co/hQedjYUj",/home/jncsnlp4/tb/Qwen2-VL-main/train_twitter/Medieval2015_DevSet_Images/sandyA_real_03.jpg,real
214,Wait a min! Now she throwing shit at people! Sandy go in a corner you have a attitude problem &amp; I don't like http://t.co/EpcfNRVj,/home/jncsnlp4/tb/Qwen2-VL-main/train_twitter/Medieval2015_DevSet_Images/sandyA_real_05.jpg,real
215,"After the fire in Breezy Point, Queens. photo - Shannon Stapleton // Hurricane Sandy http://t.co/IBFgPuic",/home/jncsnlp4/tb/Qwen2-VL-main/train_twitter/Medieval2015_DevSet_Images/sandyA_real_24.jpg,real
216,What a beautiful reminder to NYC of God's promises! My prayers go out to all the victims of Hurricane Sandy! http://t.co/SnwLlFls,/home/jncsnlp4/tb/Qwen2-VL-main/train_twitter/Medieval2015_DevSet_Images/sandyA_real_12.jpg,real
217,The effects of hurricane sandy in Harlem New York @ Memorial Dr http://t.co/6LhuNhsH,/home/jncsnlp4/tb/Qwen2-VL-main/train_twitter/Medieval2015_DevSet_Images/sandyA_real_20.jpg,real
218,Wow Sandy in the City wrecking havoc...repost from @swaggga_right http://t.co/Sdh4r8M1,/home/jncsnlp4/tb/Qwen2-VL-main/train_twitter/Medieval2015_DevSet_Images/sandyA_real_03.jpg,real
219,This image of Jane's carousel is going to haunt me. Sandy's Seahorses: http://t.co/ftIbq4GK (via @Instagram andjelicaaa),/home/jncsnlp4/tb/Qwen2-VL-main/train_twitter/Medieval2015_DevSet_Images/sandyA_real_51.jpg,real
220,&amp; You Too Can Play On The All New Portable Trampoline ... For Free !! Brought To You By Sandy™ The Hurricane http://t.co/VuNQxEW7,/home/jncsnlp4/tb/Qwen2-VL-main/train_twitter/Medieval2015_DevSet_Images/sandyA_real_05.jpg,real
221,Fleet in the floods : Yellow Cabs stranded after Superstorm Sandy via Daily Mail http://t.co/XvVigV3P,/home/jncsnlp4/tb/Qwen2-VL-main/train_twitter/Medieval2015_DevSet_Images/sandyA_real_18.jpg,real
222,bardo333's photo http://t.co/lginaGzW THIS IS TOO COOL - NASA photo of earth/sandy,/home/jncsnlp4/tb/Qwen2-VL-main/train_twitter/Medieval2015_DevSet_Images/sandyA_real_33.jpg,real
223,HURRICANE DESTRUCTION: fellow IGers shared this...I have reason to believe this is actually around 14th stre http://t.co/9283RQgf,/home/jncsnlp4/tb/Qwen2-VL-main/train_twitter/Medieval2015_DevSet_Images/sandyA_real_22.jpg,real
224,Assez énorme cette photo en une de @lemondefr à propos du cyclone Sandy.  http://t.co/3MCWufCJ,/home/jncsnlp4/tb/Qwen2-VL-main/train_twitter/Medieval2015_DevSet_Images/sandyA_real_18.jpg,real
225,NASA satellite photo of Hurricane Sandy! Cool!\nnasagoddard's photo http://t.co/ioOREqIC,/home/jncsnlp4/tb/Qwen2-VL-main/train_twitter/Medieval2015_DevSet_Images/sandyA_real_33.jpg,real
226,Damn so many memories smh RT @Chrissy_Momo: Goodbye dumbo 😢😨 ... SCARY SANDY #brooklyn @ Brooklyn http://t.co/RXjVlM8z,/home/jncsnlp4/tb/Qwen2-VL-main/train_twitter/Medieval2015_DevSet_Images/sandyA_real_14.jpg,real
227,Hurricane Sandy aftermath!\n#NYC will always come back stronger! http://t.co/FpN6aFVW,/home/jncsnlp4/tb/Qwen2-VL-main/train_twitter/Medieval2015_DevSet_Images/sandyA_real_21.jpg,real
228,Hurricane Sandy in relation to the Earth (via Nasa Goddard) http://t.co/nappWBWJ,/home/jncsnlp4/tb/Qwen2-VL-main/train_twitter/Medieval2015_DevSet_Images/sandyA_real_33.jpg,real
229,Sandy's like who da fuck was Irene?! I fuck up shit here!! Lol http://t.co/TJIRqEYq,/home/jncsnlp4/tb/Qwen2-VL-main/train_twitter/Medieval2015_DevSet_Images/sandyA_real_06.jpg,real
230,Can we say sandy anit playing no games ! She finna turn some cities upside down ! http://t.co/FiVwKzej,/home/jncsnlp4/tb/Qwen2-VL-main/train_twitter/Medieval2015_DevSet_Images/sandyA_real_05.jpg,real
231,for anyone that questioned #hurricane #sandy I give you    #Manh @ Frankenstorm Apocalypse - Hurricane Sandy http://t.co/yQ07pbBY,/home/jncsnlp4/tb/Qwen2-VL-main/train_twitter/Medieval2015_DevSet_Images/sandyA_real_21.jpg,real
232,New York après le passage du cyclone Sandy ? Un marécage. Ne manquent plus que les alligators.... http://t.co/wkVRYE7u,/home/jncsnlp4/tb/Qwen2-VL-main/train_twitter/Medieval2015_DevSet_Images/sandyA_real_20.jpg,real
233,"#repost post-Sandy in NYC  from @Capricorn_MiMi 🌈 -- Genesis 9:12-13 📖 Then God said, “I am giving you a sig http://t.co/paA6V3VA",/home/jncsnlp4/tb/Qwen2-VL-main/train_twitter/Medieval2015_DevSet_Images/sandyA_real_12.jpg,real
234,Love this photo. \nTaken after Sandy left NYC. God's goodness continues.\n💙🗽🇺🇸💙 http://t.co/HfsIR7Am,/home/jncsnlp4/tb/Qwen2-VL-main/train_twitter/Medieval2015_DevSet_Images/sandyA_real_12.jpg,real
235,Hurricane Sandy ain't messing around. Ugh this bitch. #hurricanesandy #hurricane #imdead #goodbyeworld #putt http://t.co/bPEPuSkw,/home/jncsnlp4/tb/Qwen2-VL-main/train_twitter/Medieval2015_DevSet_Images/sandyA_real_05.jpg,real
236,InstaSnopes: factchecking Twitter's photos of Hurricane Sandy. http://t.co/S9tQsyVv (This one http://t.co/WJazFpcr is amazing and real.),/home/jncsnlp4/tb/Qwen2-VL-main/train_twitter/Medieval2015_DevSet_Images/sandyA_real_51.jpg,real
237,Rainbow over New York City after the destruction of Hurricane Sandy. Cause it’s a cruel and beautful world http://t.co/28AJDd4W,/home/jncsnlp4/tb/Qwen2-VL-main/train_twitter/Medieval2015_DevSet_Images/sandyA_real_12.jpg,real
238,Sandy is fucked up but I fucks with Sandy bcuz Sandy b like F*€k da Police http://t.co/KXaLJSei,/home/jncsnlp4/tb/Qwen2-VL-main/train_twitter/Medieval2015_DevSet_Images/sandyA_real_21.jpg,real
239,Manhattan right now. Pray for everyone on the east coast going through hurricane sandy. Pray for safety. http://t.co/fprRl67d,/home/jncsnlp4/tb/Qwen2-VL-main/train_twitter/Medieval2015_DevSet_Images/sandyA_real_03.jpg,real
240,"Seaside Heights, NJ #JerseyShore My prayers go out to all the people affected by Sandy http://t.co/iX7dWPSq",/home/jncsnlp4/tb/Qwen2-VL-main/train_twitter/Medieval2015_DevSet_Images/sandyA_real_27.jpg,real
241,Hurricane Sandy is no joke people 😫😧😦🙉👎🙆🙅 #hurricane #sandy #trampoline #connecticut #sad #nojoke http://t.co/r9fBKZed,/home/jncsnlp4/tb/Qwen2-VL-main/train_twitter/Medieval2015_DevSet_Images/sandyA_real_05.jpg,real
242,"Lower Manhattan goes dark during hurricane Sandy, as seen from Brooklyn, N.Y. Sandy continued on its path.#f http://t.co/D4iefUBL",/home/jncsnlp4/tb/Qwen2-VL-main/train_twitter/Medieval2015_DevSet_Images/sandyA_real_23.jpg,real
243,nasagoddard's photo http://t.co/WLRsH3oN Hurricane Sandy barreling down on PA! #SandyCenPa,/home/jncsnlp4/tb/Qwen2-VL-main/train_twitter/Medieval2015_DevSet_Images/sandyA_real_28.jpg,real
244,Photo de nationalpost http://t.co/5zfp1heu Taxis sit in a flooded lot from Hurricane Sandy on Oct. 30.,/home/jncsnlp4/tb/Qwen2-VL-main/train_twitter/Medieval2015_DevSet_Images/sandyA_real_18.jpg,real
245,“@aterkel: Whoa http://t.co/g0UgituE” OMG! Prayers &amp; Positive Chi 2 NYC; anyone impacted by Sandy!,/home/jncsnlp4/tb/Qwen2-VL-main/train_twitter/Medieval2015_DevSet_Images/sandyA_real_20.jpg,real
246,Got this pic from ABC and prayers and thoughts are going to all those affected by Sandy. http://t.co/3nCMnVAq,/home/jncsnlp4/tb/Qwen2-VL-main/train_twitter/Medieval2015_DevSet_Images/sandyA_real_21.jpg,real
247,My Prayers Goes Out To Everyone. May God bless you &amp; keep you safe from this dangerous hurricane.. http://t.co/r5jH2yWd,/home/jncsnlp4/tb/Qwen2-VL-main/train_twitter/Medieval2015_DevSet_Images/sandyA_real_33.jpg,real
248,andjelicaaa's photo http://t.co/U1PI0vtE Beautiful and haunting photograph from the effects of Sandy,/home/jncsnlp4/tb/Qwen2-VL-main/train_twitter/Medieval2015_DevSet_Images/sandyA_real_51.jpg,real
249,Hurricane Sandy over the Bahamas.\n\n#nasa #nasagoddard #sandy #hurricane http://t.co/QV6C47t2,/home/jncsnlp4/tb/Qwen2-VL-main/train_twitter/Medieval2015_DevSet_Images/sandyA_real_28.jpg,real
250,HURRICANE DESTRUCTION: Fellow Twitter family sharing photos of the flooding down at the World Trade Center M http://t.co/nqfu7rja,/home/jncsnlp4/tb/Qwen2-VL-main/train_twitter/Medieval2015_DevSet_Images/sandyA_real_04.jpg,real
251,"Shot of 1926 carousel in Brooklyn by @andjelicaaa has to be the image of Sandy, a metaphor for us all? http://t.co/fD2ZKrea",/home/jncsnlp4/tb/Qwen2-VL-main/train_twitter/Medieval2015_DevSet_Images/sandyA_real_51.jpg,real
252,"“RT @misterdisco: Sandy: Brooklyn Bridge Park, very much submerged. http://t.co/ClLOMCid” @simplyy_ree",/home/jncsnlp4/tb/Qwen2-VL-main/train_twitter/Medieval2015_DevSet_Images/sandyA_real_14.jpg,real
253,Hurricane sandy is not a joke!  My prayers go out to the families in newyork http://t.co/IEenSQfz,/home/jncsnlp4/tb/Qwen2-VL-main/train_twitter/Medieval2015_DevSet_Images/sandyA_real_04.jpg,real
254,Just to give you an idea of how bad sandy really is...  #Sandy #NYC http://t.co/gFp2thdZ,/home/jncsnlp4/tb/Qwen2-VL-main/train_twitter/Medieval2015_DevSet_Images/sandyA_real_03.jpg,real
255,"Everyone in Sandy's path, stay safe! I just read it's the most intense hurricane ever measured north of Cape Hatteras. http://t.co/l9uArP80",/home/jncsnlp4/tb/Qwen2-VL-main/train_twitter/Medieval2015_DevSet_Images/sandyA_real_10.jpg,real
256,Full moon tonight. I think I found the reason for hurricane sandy http://t.co/buvt2xd1,/home/jncsnlp4/tb/Qwen2-VL-main/train_twitter/Medieval2015_DevSet_Images/sandyA_real_33.jpg,real
257,"Sandy ain't playin, y'all! RT: “@KidFury: Who's gonna get that shit down? http://t.co/9DXsJ9ZW”",/home/jncsnlp4/tb/Qwen2-VL-main/train_twitter/Medieval2015_DevSet_Images/sandyA_real_05.jpg,real
258,Hurricane Sandy blowing trampolines into power lines in Milford. Stay safe errbody! http://t.co/apKWSjjH,/home/jncsnlp4/tb/Qwen2-VL-main/train_twitter/Medieval2015_DevSet_Images/sandyA_real_05.jpg,real
259,Wow! This is just mind blowing! New York ATM.....all due to Hurricane Sandy; this is becoming very serious http://t.co/2joWUVqj,/home/jncsnlp4/tb/Qwen2-VL-main/train_twitter/Medieval2015_DevSet_Images/sandyA_real_03.jpg,real
260,"Rainbow over NYC today after this horrible superstorm sandy. Oct 30, 2012 http://t.co/yvlmIxip",/home/jncsnlp4/tb/Qwen2-VL-main/train_twitter/Medieval2015_DevSet_Images/sandyA_real_12.jpg,real
261,Sandy paid a visit 🌊⚡🌀ksick brookieelle raechi taraannburns @meggiesuee http://t.co/YJiE0tQs,/home/jncsnlp4/tb/Qwen2-VL-main/train_twitter/Medieval2015_DevSet_Images/sandyA_real_03.jpg,real
262,This was lower Manhattan an hour ago. PLEASE keep everybody affected by Hurricane Sandy in your prayers like http://t.co/uPHmLat7,/home/jncsnlp4/tb/Qwen2-VL-main/train_twitter/Medieval2015_DevSet_Images/sandyA_real_03.jpg,real
263,"Foto fantástica da Terra, mostrando o furacão Sandy.\nFoto de nasagoddard (NASA) on Instagram) http://t.co/zZdT6Mvz",/home/jncsnlp4/tb/Qwen2-VL-main/train_twitter/Medieval2015_DevSet_Images/sandyA_real_33.jpg,real
264,"Sandy gets artsy RT - @BuzzFeed: A carousel in Brooklyn, now in the East River http://t.co/ZUTtch4M",/home/jncsnlp4/tb/Qwen2-VL-main/train_twitter/Medieval2015_DevSet_Images/sandyA_real_51.jpg,real
265,HURRICANE SANDY FROM SPACE #sandy #hurricane #space #image #noaa #nasa #earth http://t.co/NVvKatNx,/home/jncsnlp4/tb/Qwen2-VL-main/train_twitter/Medieval2015_DevSet_Images/sandyA_real_33.jpg,real
266,My prayers are with everyone who has been effected by the hurricane #NYC #bad#weather #God#bless#all#thank#g http://t.co/HGsFp0L9,/home/jncsnlp4/tb/Qwen2-VL-main/train_twitter/Medieval2015_DevSet_Images/sandyA_real_29.jpg,real
267,This is the most haunting photo of Hurricane Sandy that I've seen posted tonight. http://t.co/vjIiqo8F (via @RadioMaga),/home/jncsnlp4/tb/Qwen2-VL-main/train_twitter/Medieval2015_DevSet_Images/sandyA_real_51.jpg,real
268,"From ABC News Hurricane Sandy: Below, a trampoline caught in telephone lines in Milford, Connecticut http://t.co/PrRGqe8h",/home/jncsnlp4/tb/Qwen2-VL-main/train_twitter/Medieval2015_DevSet_Images/sandyA_real_05.jpg,real
269,@laultimahora aki les djo.algunas imagenes de lo q se vive en nueva york #huracan sandy http://t.co/1lUibCGq,/home/jncsnlp4/tb/Qwen2-VL-main/train_twitter/Medieval2015_DevSet_Images/sandyA_real_04.jpg,real
270,Hurricane Sandy picked up strength and turned toward New York City and the U.S. East Coast's other largest c http://t.co/THNul3gf,/home/jncsnlp4/tb/Qwen2-VL-main/train_twitter/Medieval2015_DevSet_Images/sandyA_real_42.jpg,real
271,"Hoekom as ek die Fotos so sien van Hurricane Sandy laat dit my dink aan die flieks ""2012"" en ""The day after tomorrow??? http://t.co/JtcBOtVB",/home/jncsnlp4/tb/Qwen2-VL-main/train_twitter/Medieval2015_DevSet_Images/sandyA_real_04.jpg,real
272,Satellite imagery of Hurricane Sandy. #Satellite #Image #NewYork #Manhattan #America #Hurricane #HurricaneSa http://t.co/x2umbqAG,/home/jncsnlp4/tb/Qwen2-VL-main/train_twitter/Medieval2015_DevSet_Images/sandyA_real_33.jpg,real
273,Now Sandy bring with you together with Halloween away all the winds of the crises and people fears http://t.co/7AAZlpjw,/home/jncsnlp4/tb/Qwen2-VL-main/train_twitter/Medieval2015_DevSet_Images/sandyA_real_45.jpg,real
274,Hurricane Sandy #hurricane #sandy #eastern #coast #us #pray http://t.co/1UBZjBOJ,/home/jncsnlp4/tb/Qwen2-VL-main/train_twitter/Medieval2015_DevSet_Images/sandyA_real_24.jpg,real
275,Hurricane Sandy from space......hope everyone up there runs with luck!!! http://t.co/Hk6k2c7l,/home/jncsnlp4/tb/Qwen2-VL-main/train_twitter/Medieval2015_DevSet_Images/sandyA_real_33.jpg,real
276,Leave Long Island alone Sandy! #hurricanesandy #destruction #longisland http://t.co/dUSp7GfR,/home/jncsnlp4/tb/Qwen2-VL-main/train_twitter/Medieval2015_DevSet_Images/sandyA_real_05.jpg,real
277,Damn now we have to endure a Sandy compilation song RT @WillyDope: My cousin sent me this picture from lower manhattan http://t.co/waLUXliY,/home/jncsnlp4/tb/Qwen2-VL-main/train_twitter/Medieval2015_DevSet_Images/sandyA_real_20.jpg,real
278,Wow.... Ground Zero being engulfed by Sandy #superstorm #superstormsandy #2012 #nyc #worldtradecenter #natur http://t.co/ACvwhtoH,/home/jncsnlp4/tb/Qwen2-VL-main/train_twitter/Medieval2015_DevSet_Images/sandyA_real_02.jpg,real
279,Wow. Sandy is here to steal all the kids' outdoor toys. RT @KidFury Who's gonna get that shit down? http://t.co/0pvngOsU,/home/jncsnlp4/tb/Qwen2-VL-main/train_twitter/Medieval2015_DevSet_Images/sandyA_real_05.jpg,real
280,BROOKLYIN NEW YORK GLAD MY BROTHER IS HOME....SANDY IS COMING THIS WAY...THEY ALREADY HAD TO CLOSE THE LAKEF http://t.co/UNOO47sD,/home/jncsnlp4/tb/Qwen2-VL-main/train_twitter/Medieval2015_DevSet_Images/sandyA_real_11.jpg,real
281,Sandy says these big yellow taxi's submerged in a NY parking lot ain't taking no-one away today. http://t.co/YQdAjuPY,/home/jncsnlp4/tb/Qwen2-VL-main/train_twitter/Medieval2015_DevSet_Images/sandyA_real_18.jpg,real
282,The city of New York has felt sandy's pain now the ? Is will western New York feel his pain as well get read http://t.co/uxoPbCZm,/home/jncsnlp4/tb/Qwen2-VL-main/train_twitter/Medieval2015_DevSet_Images/sandyA_real_03.jpg,real
283,"This is unreal: Hurricane Sandy flooding at Ground Zero in Manhattan, New York http://t.co/N92s0JZr",/home/jncsnlp4/tb/Qwen2-VL-main/train_twitter/Medieval2015_DevSet_Images/sandyA_real_02.jpg,real
284,Sandy got a little pissed when she couldn't nail the backflip... http://t.co/p1jctkcJ,/home/jncsnlp4/tb/Qwen2-VL-main/train_twitter/Medieval2015_DevSet_Images/sandyA_real_05.jpg,real
285,So they said Hurricane Sandy brought this trampoline from 2 towns over.. 😳 http://t.co/kMKXKrGc,/home/jncsnlp4/tb/Qwen2-VL-main/train_twitter/Medieval2015_DevSet_Images/sandyA_real_05.jpg,real
286,Hurricane Sandy!!!  #hurricanesandy #hurricane #windy #trampoline #storm @ VFP Gym http://t.co/hRItryyU,/home/jncsnlp4/tb/Qwen2-VL-main/train_twitter/Medieval2015_DevSet_Images/sandyA_real_05.jpg,real
287,Dicen que despues de la tormenta llega la calma! Rainbow after Sandy #Beautiful http://t.co/ais7L8L1,/home/jncsnlp4/tb/Qwen2-VL-main/train_twitter/Medieval2015_DevSet_Images/sandyA_real_12.jpg,real
288,it's unreal to see one of my most favorite brooklyn spots surrounded by water. . . ✨🎠✨ ny @ 💨 sandy's wrath http://t.co/Clq605AM,/home/jncsnlp4/tb/Qwen2-VL-main/train_twitter/Medieval2015_DevSet_Images/sandyA_real_51.jpg,real
289,Had to delete my last Hurricane Sandy Post after I seen this ... Dam a category 1 doing this to NYC. Shit cr http://t.co/NL6O2Yhy,/home/jncsnlp4/tb/Qwen2-VL-main/train_twitter/Medieval2015_DevSet_Images/sandyA_real_09.jpg,real
290,"Satellite image Sandy on it's way,  just lost power  in Valley Stream, Long Island.. Sandy seems angry right http://t.co/WjkAgMDt",/home/jncsnlp4/tb/Qwen2-VL-main/train_twitter/Medieval2015_DevSet_Images/sandyA_real_33.jpg,real
291,"Whoa!! And if Sandy stayed a hurricane..? @Time pic of firemen searching for ppl trapped in cars, 15h &amp; Ave C http://t.co/eQKtExUx",/home/jncsnlp4/tb/Qwen2-VL-main/train_twitter/Medieval2015_DevSet_Images/sandyA_real_22.jpg,real
292,For my fellow Floridians who think the Northerners are overreacting about the hurricane... #keepquiet #thisi http://t.co/PZy4uY41,/home/jncsnlp4/tb/Qwen2-VL-main/train_twitter/Medieval2015_DevSet_Images/sandyA_real_03.jpg,real
293,This is why when they say to prepare for a hurricane you put your shit away. Nearby CT http://t.co/WxE4xRjw,/home/jncsnlp4/tb/Qwen2-VL-main/train_twitter/Medieval2015_DevSet_Images/sandyA_real_05.jpg,real
294,Jersey princess hurricane wine dora the explorer realness! Be safe yall! Al gore for president next year! Gl http://t.co/DWccyGe3,/home/jncsnlp4/tb/Qwen2-VL-main/train_twitter/Medieval2015_DevSet_Images/sandyA_real_05.jpg,real
295,Dejaos de imágenes fakes de Sandy sobre la estatua de la libertad. Aquí va una de verdad: ground cero inundado  http://t.co/ISFmY7FY,/home/jncsnlp4/tb/Qwen2-VL-main/train_twitter/Medieval2015_DevSet_Images/sandyA_real_04.jpg,real
296,The devastation of hurricane sandy on the lower east side #nyc #sandy http://t.co/bppHglui,/home/jncsnlp4/tb/Qwen2-VL-main/train_twitter/Medieval2015_DevSet_Images/sandyA_real_06.jpg,real
297,Последствия урагана Sandy\n https://t.co/T5L5513n\nhttps://t.co/9NTnBgx9\nhttps://t.co/seHgbdX8\nhttps://t.co/CY2ihGFy,/home/jncsnlp4/tb/Qwen2-VL-main/train_twitter/Medieval2015_DevSet_Images/sandyA_real_18.jpg,real
298,liked Hurricane Sandy over the Bahamas The Moderate Resolution Imaging Spectroradiometer (MODIS) on NASA’... http://t.co/iX3AHta9,/home/jncsnlp4/tb/Qwen2-VL-main/train_twitter/Medieval2015_DevSet_Images/sandyA_real_28.jpg,real
299,Praying for all those cleaning up after Hurricane Sandy today. http://t.co/JdKNvrf8,/home/jncsnlp4/tb/Qwen2-VL-main/train_twitter/Medieval2015_DevSet_Images/sandyA_real_17.jpg,real
300,"I know it's not a car,but hurricane sandy is going hard!\n#hurricane #hurricanesandy #storm #lol # @ Scranton http://t.co/tgOxquXJ",/home/jncsnlp4/tb/Qwen2-VL-main/train_twitter/Medieval2015_DevSet_Images/sandyA_real_05.jpg,real
301,"Superstorm #Sandy finally# receded, but only after carving a #trailSuperstorm Sandy finally receded, but onl http://t.co/Wl78DjSA",/home/jncsnlp4/tb/Qwen2-VL-main/train_twitter/Medieval2015_DevSet_Images/sandyA_real_20.jpg,real
302,Photo from the Goes 13 satellite. Pray for those in Sandy's path. http://t.co/FlmK3jau,/home/jncsnlp4/tb/Qwen2-VL-main/train_twitter/Medieval2015_DevSet_Images/sandyA_real_33.jpg,real
303,"nasagoddard's photo http://t.co/U9uMXtGv Whoa, Sandy.  Stay safe, East coasters.",/home/jncsnlp4/tb/Qwen2-VL-main/train_twitter/Medieval2015_DevSet_Images/sandyA_real_33.jpg,real
304,Please keep praying!  These are the taxis of my sister Sandy's town Hoboken. Relief and restoration! #hudson http://t.co/23Tq9LNz,/home/jncsnlp4/tb/Qwen2-VL-main/train_twitter/Medieval2015_DevSet_Images/sandyA_real_17.jpg,real
305,nasagoddard's photo http://t.co/PxGWKT60 Hurricane Sandy. Earth looks beautiful.,/home/jncsnlp4/tb/Qwen2-VL-main/train_twitter/Medieval2015_DevSet_Images/sandyA_real_33.jpg,real
306,"Casino Pier - Seaside Heights, NJ - 10/30/12 after Hurricane Sandy! http://t.co/Mb1XSIHQ",/home/jncsnlp4/tb/Qwen2-VL-main/train_twitter/Medieval2015_DevSet_Images/sandyA_real_16.jpg,real
307,#repost that ish is real... Praying for tha hurricane sandy victims 🙏 http://t.co/oZY8IFQA,/home/jncsnlp4/tb/Qwen2-VL-main/train_twitter/Medieval2015_DevSet_Images/sandyA_real_03.jpg,real
308,For those of you who don't think Hurricane Sandy is affecting anyone and think that e @ Technology Commons 1 http://t.co/fm2iCMqL,/home/jncsnlp4/tb/Qwen2-VL-main/train_twitter/Medieval2015_DevSet_Images/sandyA_real_27.jpg,real
309,Wishing NYC a swift recovery from Sandy. This picture is shocking. Poor little horses. http://t.co/oeiYu0ve,/home/jncsnlp4/tb/Qwen2-VL-main/train_twitter/Medieval2015_DevSet_Images/sandyA_real_51.jpg,real
310,Noooooo.....our transplanted Idora Park Carousel is under water...c'mon Sandy...have a heart! http://t.co/MfMtzq0E,/home/jncsnlp4/tb/Qwen2-VL-main/train_twitter/Medieval2015_DevSet_Images/sandyA_real_51.jpg,real
311,#repost I see that hurricane sandy wasn't playing no games #nyc #praying for y'all #hopeyallok http://t.co/YIPBVDVb,/home/jncsnlp4/tb/Qwen2-VL-main/train_twitter/Medieval2015_DevSet_Images/sandyA_real_03.jpg,real
312,"New York city is flooded from the hurricane, this weather is nuts http://t.co/Z9JRjNL1",/home/jncsnlp4/tb/Qwen2-VL-main/train_twitter/Medieval2015_DevSet_Images/sandyA_real_21.jpg,real
313,doorsixteen's photo hurricane sandy taking over the carousel on the BK promenade  http://t.co/pBOINJbK,/home/jncsnlp4/tb/Qwen2-VL-main/train_twitter/Medieval2015_DevSet_Images/sandyA_real_14.jpg,real
314,"Seaside Heights,  NJ- thanks to Hurricane Sandy 10/29/12. This place has been a part of my life for the past http://t.co/HigjTDzT",/home/jncsnlp4/tb/Qwen2-VL-main/train_twitter/Medieval2015_DevSet_Images/sandyA_real_27.jpg,real
315,Jersey will never be the same. Thanks sandy. Hope everyone gets through this. #sandywasabitch http://t.co/ZHWmrtGs,/home/jncsnlp4/tb/Qwen2-VL-main/train_twitter/Medieval2015_DevSet_Images/sandyA_real_27.jpg,real
316,Sandy tryin to grip my neighbors trampoline lol #bitch #fail #sandy #funny #storm #wind #crazy #instagood #i http://t.co/bcp3QlDz,/home/jncsnlp4/tb/Qwen2-VL-main/train_twitter/Medieval2015_DevSet_Images/sandyA_real_05.jpg,real
317,This huge pier amusement park in NJ was destroyed. That's crazy! Sandy meant business! http://t.co/tsHrR2Xw,/home/jncsnlp4/tb/Qwen2-VL-main/train_twitter/Medieval2015_DevSet_Images/sandyA_real_27.jpg,real
318,Praying for everyone affected by Hurricane Sandy #sandy #hurricane #prayers #hurricansandy #eastcoast #weath http://t.co/TmTM31Vr,/home/jncsnlp4/tb/Qwen2-VL-main/train_twitter/Medieval2015_DevSet_Images/sandyA_real_45.jpg,real
319,Hurricane Sandy really did a job on New York sandy #sandy #hurricane #newyork  #rain #damage #disaster #sto http://t.co/gK3gCjPX,/home/jncsnlp4/tb/Qwen2-VL-main/train_twitter/Medieval2015_DevSet_Images/sandyA_real_18.jpg,real
320,Hurricane Sandy is insane. Praying for everyone in the East Coast. Especially my brother and his wife #besaf http://t.co/koC4svzN,/home/jncsnlp4/tb/Qwen2-VL-main/train_twitter/Medieval2015_DevSet_Images/sandyA_real_07.jpg,real
321,"Sandy leaves death, damp and darkness in wake.\n\nOn October 25 I wrote:Before Obama become a president, I had a dre http://t.co/n9Y38Ptn",/home/jncsnlp4/tb/Qwen2-VL-main/train_twitter/Medieval2015_DevSet_Images/sandyA_real_04.jpg,real
322,Seaside Height been destroyed during hurricane sandy.. please lets us pray that no one got hurt http://t.co/DASxSg9Q,/home/jncsnlp4/tb/Qwen2-VL-main/train_twitter/Medieval2015_DevSet_Images/sandyA_real_27.jpg,real
323,View up Ocean Avenue in Bradley Beach after Hurricane Sandy #sandy #shore @ Bradley Beach http://t.co/0rWJQbxy,/home/jncsnlp4/tb/Qwen2-VL-main/train_twitter/Medieval2015_DevSet_Images/sandyA_real_43.jpg,real
324,"That's fair,after creepy sandy hurricane. The rainbow finally touchdown in NY :) http://t.co/FiMU26J3",/home/jncsnlp4/tb/Qwen2-VL-main/train_twitter/Medieval2015_DevSet_Images/sandyA_real_12.jpg,real
325,Omg RT @AlSharpTongue: Boardwalk in AC broke and Sandy is still 200 miles out.. Fml http://t.co/ffrfYAeb,/home/jncsnlp4/tb/Qwen2-VL-main/train_twitter/Medieval2015_DevSet_Images/sandyA_real_10.jpg,real
326,Taxis in New Jersey after hurricane Sandy #repost #hurricane #Sandy #taxis #newjersey #NJ #flood #insane http://t.co/PsmToUYX,/home/jncsnlp4/tb/Qwen2-VL-main/train_twitter/Medieval2015_DevSet_Images/sandyA_real_18.jpg,real
327,Great Find @Kat_Bk! Pray For All The Cabs In NYC! #Cabaholics! Post Your Hurricane Sandy Cabaholic Photo http://t.co/oUm1JXKH,/home/jncsnlp4/tb/Qwen2-VL-main/train_twitter/Medieval2015_DevSet_Images/sandyA_real_18.jpg,real
328,Incredible photo from Wall Street Journal - Sandy's aftermath. Yellow cabs. http://t.co/9W76AwWm,/home/jncsnlp4/tb/Qwen2-VL-main/train_twitter/Medieval2015_DevSet_Images/sandyA_real_18.jpg,real
329,whoooa!!! RT: @Un_FollowMe: Lmfao sandy is not chilling -  ericgoldie's photo http://t.co/BtGLxC5f,/home/jncsnlp4/tb/Qwen2-VL-main/train_twitter/Medieval2015_DevSet_Images/sandyA_real_05.jpg,real
330,DAMN SANDY!!! iHOPE MY COUSINS @vice_verse2 &amp;&amp; justcallmelee ARE OKAY!! &amp;&amp; charlycharles_suge http://t.co/3DOiZRju,/home/jncsnlp4/tb/Qwen2-VL-main/train_twitter/Medieval2015_DevSet_Images/sandyA_real_17.jpg,real
331,liked BEHOLD! Hurricane Sandy in all her glory! Take cover...her wrath is tremendous! Hurricane Sandy as ... http://t.co/h1sIsvjP,/home/jncsnlp4/tb/Qwen2-VL-main/train_twitter/Medieval2015_DevSet_Images/sandyA_real_28.jpg,real
332,Sandy is making it hard for mickstein to get his trampoline routine finished in time for the competition!!! http://t.co/T9Aov02t,/home/jncsnlp4/tb/Qwen2-VL-main/train_twitter/Medieval2015_DevSet_Images/sandyA_real_05.jpg,real
333,Double rainbow touches down in New York after Hurricane Sandy http://t.co/w1eKrlQ9 #fb,/home/jncsnlp4/tb/Qwen2-VL-main/train_twitter/Medieval2015_DevSet_Images/sandyA_real_12.jpg,real
334,"This is the Seaside Heights boardwalk. See, Snooki didn't ruin it, SANDY did! http://t.co/huS6o3uX",/home/jncsnlp4/tb/Qwen2-VL-main/train_twitter/Medieval2015_DevSet_Images/sandyA_real_13.jpg,real
335,@ninagarcia WoW! Please stay safe-&gt;The Most Unbelievable but Real Pictures of Sandy's Destruction http://t.co/n7HdHkEY http://t.co/58w0w8Kc,/home/jncsnlp4/tb/Qwen2-VL-main/train_twitter/Medieval2015_DevSet_Images/sandyA_real_18.jpg,real
336,El carrusel de Jane: Antes de Sandy ---&gt; http://t.co/gMHluJZl  Durante Sandy ---&gt; http://t.co/xk1L8E37 #NewJersey,/home/jncsnlp4/tb/Qwen2-VL-main/train_twitter/Medieval2015_DevSet_Images/sandyA_real_51.jpg,real
337,“@CriticaPa Copa ha suspendido 11 vuelos a EU debido a tormenta Sandy. #Panamá http://t.co/rKddXTD0”,/home/jncsnlp4/tb/Qwen2-VL-main/train_twitter/Medieval2015_DevSet_Images/sandyA_real_04.jpg,real
338,Dammit Sandy... Right when I wanted to go jump on my trampoline. http://t.co/ZNbkL5bk,/home/jncsnlp4/tb/Qwen2-VL-main/train_twitter/Medieval2015_DevSet_Images/sandyA_real_05.jpg,real
339,"hurricane is still 100 miles offshore, and Atlantic City’s boardwalk is already under water. pic:\nhttp://t.co/Ktp30wxa",/home/jncsnlp4/tb/Qwen2-VL-main/train_twitter/Medieval2015_DevSet_Images/sandyA_real_10.jpg,real
340,Great full disc Sandy still takes up most of eastern North America can you see Rosa? #sandy @abc7news http://t.co/3t7eOvqT,/home/jncsnlp4/tb/Qwen2-VL-main/train_twitter/Medieval2015_DevSet_Images/sandyA_real_33.jpg,real
341,Surreal image of Hurricane Sandy infiltrating Ground Zero NYC http://t.co/lMoWSIZk,/home/jncsnlp4/tb/Qwen2-VL-main/train_twitter/Medieval2015_DevSet_Images/sandyA_real_04.jpg,real
342,The latest full disk image of Earth puts Hurricane Sandy into perspective...it's massive.#sandy #frankenstorm http://t.co/4oGYBrAK,/home/jncsnlp4/tb/Qwen2-VL-main/train_twitter/Medieval2015_DevSet_Images/sandyA_real_33.jpg,real
343,Hurricane Sandy is on a rampage. Top picture is the Carolina coast. Bottom pic is in NYC. http://t.co/cOCC5ppE,/home/jncsnlp4/tb/Qwen2-VL-main/train_twitter/Medieval2015_DevSet_Images/sandyA_real_26.jpg,real
344,"Another crazy Sandy pic. RT @michaelhayes: Roller coaster swept out to sea (Seaside Heights, NJ) http://t.co/JUS2BjXX",/home/jncsnlp4/tb/Qwen2-VL-main/train_twitter/Medieval2015_DevSet_Images/sandyA_real_13.jpg,real
345,Sandy fait danser les trampollinnes des enfants Photo de asap_paulie http://t.co/m7A3VE70,/home/jncsnlp4/tb/Qwen2-VL-main/train_twitter/Medieval2015_DevSet_Images/sandyA_real_05.jpg,real
346,"Hurricane Sandy years through ""Sea Side Pier"" in NJ! Good thoughts to those affected by the storm! http://t.co/XD9hPo8X",/home/jncsnlp4/tb/Qwen2-VL-main/train_twitter/Medieval2015_DevSet_Images/sandyA_real_27.jpg,real
347,"Sandy vs. The Roller Coaster. Guess who won? http://t.co/WW4cUL01   (from Seaside Heights, N.J.)  #sandy",/home/jncsnlp4/tb/Qwen2-VL-main/train_twitter/Medieval2015_DevSet_Images/sandyA_real_27.jpg,real
348,GOOD MORNING...IS THIS #NYC OR IS IT NEW ORLEANS DAM SANDY PUT THE SMACK DOWN ANOCHE ON US !! http://t.co/bAbFegdG,/home/jncsnlp4/tb/Qwen2-VL-main/train_twitter/Medieval2015_DevSet_Images/sandyA_real_21.jpg,real
349,Hurricane Sandy . Live from NYC: Across the street from 92 8th Avenue where building facade collapse just no http://t.co/8ot03sV6,/home/jncsnlp4/tb/Qwen2-VL-main/train_twitter/Medieval2015_DevSet_Images/sandyA_real_09.jpg,real
350,this picture is crazyyyy! where the twin towers were and what it looks like from hurricane sandy. http://t.co/whyPWy0T,/home/jncsnlp4/tb/Qwen2-VL-main/train_twitter/Medieval2015_DevSet_Images/sandyA_real_04.jpg,real
351,"Dumbo, Brooklyn. photo - Bebeto Matthews // Hurricane Sandy http://t.co/j68AEyE3",/home/jncsnlp4/tb/Qwen2-VL-main/train_twitter/Medieval2015_DevSet_Images/sandyA_real_45.jpg,real
352,Best picture of sandy I've seen so far.\n\nmaggiemaslinson's photo http://t.co/GwPyTtX2,/home/jncsnlp4/tb/Qwen2-VL-main/train_twitter/Medieval2015_DevSet_Images/sandyA_real_18.jpg,real
353,Hurricane Sandy aint playing no games and is heading straight for here!!!! 😨😱😩😫😰 http://t.co/IJjHdz51,/home/jncsnlp4/tb/Qwen2-VL-main/train_twitter/Medieval2015_DevSet_Images/sandyA_real_33.jpg,real
354,Crazy pic my cousin just sent me from NY....Everyone say a prayer for everyone experiencing Sandy http://t.co/Z8tKRwve,/home/jncsnlp4/tb/Qwen2-VL-main/train_twitter/Medieval2015_DevSet_Images/sandyA_real_09.jpg,real
355,"After a hurricane, comes a rainbow.. NYC after Sandy hit last night.. 🙏 http://t.co/lZ3dDVts",/home/jncsnlp4/tb/Qwen2-VL-main/train_twitter/Medieval2015_DevSet_Images/sandyA_real_12.jpg,real
356,Rainbow over New York City as Hurricane Sandy has finally passed☁🌈 http://t.co/762SSeBv,/home/jncsnlp4/tb/Qwen2-VL-main/train_twitter/Medieval2015_DevSet_Images/sandyA_real_12.jpg,real
357,full disk image from #nasa shows how massive Hurricane Sandy; wow -- http://t.co/vWH0z7lZ,/home/jncsnlp4/tb/Qwen2-VL-main/train_twitter/Medieval2015_DevSet_Images/sandyA_real_33.jpg,real
358,Ground zero. Please pray for everyone being affected by Hurricane Sandy. http://t.co/xu2TXDnW,/home/jncsnlp4/tb/Qwen2-VL-main/train_twitter/Medieval2015_DevSet_Images/sandyA_real_04.jpg,real
359,Hurricane Sandy flooded Manhattan NY. Many in NY and NJ have lost power. #prayersplease http://t.co/2GUyQzTU,/home/jncsnlp4/tb/Qwen2-VL-main/train_twitter/Medieval2015_DevSet_Images/sandyA_real_21.jpg,real
360,Sandy already fucking up 9 year olds days. This is in Milford #suckstosuck http://t.co/RpMqbost,/home/jncsnlp4/tb/Qwen2-VL-main/train_twitter/Medieval2015_DevSet_Images/sandyA_real_05.jpg,real
361,The Atlantic City boardwalk is a different kind of Sandy today. http://t.co/xwJeiYEL,/home/jncsnlp4/tb/Qwen2-VL-main/train_twitter/Medieval2015_DevSet_Images/sandyA_real_10.jpg,real
362,RT @MisterGoLightly: Facade of Chelsea building blown away by Hurricane Sandy http://t.co/uqAjnBer,/home/jncsnlp4/tb/Qwen2-VL-main/train_twitter/Medieval2015_DevSet_Images/sandyA_real_09.jpg,real
363,Sandy is a ruthless slut. RT @nicoleauerbach: What a photo (via @usatoday) http://t.co/5tDrH81z,/home/jncsnlp4/tb/Qwen2-VL-main/train_twitter/Medieval2015_DevSet_Images/sandyA_real_18.jpg,real
364,"Taxis sit in a flooded lot after Hurricane Sandy Oct. 30, 2012 in Hoboken, New Jersey. http://t.co/AVjQi4e3",/home/jncsnlp4/tb/Qwen2-VL-main/train_twitter/Medieval2015_DevSet_Images/sandyA_real_18.jpg,real
365,Hurricane Sandy sitting on top of us. #rain #wind #storm #hurricane #sandy #weather http://t.co/Q98UYPhG,/home/jncsnlp4/tb/Qwen2-VL-main/train_twitter/Medieval2015_DevSet_Images/sandyA_real_33.jpg,real
366,The latest image of Earth by NASA. It really puts hurricane Sandy into perspective. Dang. http://t.co/8Z4LD1dP,/home/jncsnlp4/tb/Qwen2-VL-main/train_twitter/Medieval2015_DevSet_Images/sandyA_real_33.jpg,real
367,After Hurricane Sandy -- A Rainbow -- Speaks Volumes ~  RT @peoplesrev - Rainbow over NYC. http://t.co/oo9MWRKl  via @Jeanne_Beker,/home/jncsnlp4/tb/Qwen2-VL-main/train_twitter/Medieval2015_DevSet_Images/sandyA_real_12.jpg,real
368,Sandy's arrived in our neck of the woods. Photo via @gothamist http://t.co/omueUXQh,/home/jncsnlp4/tb/Qwen2-VL-main/train_twitter/Medieval2015_DevSet_Images/sandyA_real_51.jpg,real
369,Prayers go out to all who have been effected by sandy #seasidepier destroyed #memories #sosad http://t.co/mdIYCQh5,/home/jncsnlp4/tb/Qwen2-VL-main/train_twitter/Medieval2015_DevSet_Images/sandyA_real_27.jpg,real
370,Holy shit! @ashley2426: @MikeFrancisWX: AMAZING PIC!! Water in NYC at record levels! 14th st &amp;Ave C:  http://t.co/1Z99ebeh #news #sandy,/home/jncsnlp4/tb/Qwen2-VL-main/train_twitter/Medieval2015_DevSet_Images/sandyA_real_22.jpg,real
371,Would suggest the kids not play on this for now # wtnh #hurricanesandy http://t.co/4bIxAPVa,/home/jncsnlp4/tb/Qwen2-VL-main/train_twitter/Medieval2015_DevSet_Images/sandyA_real_05.jpg,real
372,Seaside after Sandy 😳😢😭💔 #seaside #boardwalk #sandy #hurricane #depressing http://t.co/nvuGbQqi,/home/jncsnlp4/tb/Qwen2-VL-main/train_twitter/Medieval2015_DevSet_Images/sandyA_real_16.jpg,real
373,Rainbow touches down in lower Manhattan #hurricane #sandy by kurtdietrich http://t.co/dDIaRxbr,/home/jncsnlp4/tb/Qwen2-VL-main/train_twitter/Medieval2015_DevSet_Images/sandyA_real_12.jpg,real
374,A ray of hope on a bleak day RT @NewYorkPost: Rainbow touches down in lower Manhattan #hurricane #sandy http://t.co/KYv3OyeV,/home/jncsnlp4/tb/Qwen2-VL-main/train_twitter/Medieval2015_DevSet_Images/sandyA_real_12.jpg,real
375,Really Sandy? “@cosstheboss “@NewYorkPost Rainbow touches down in lower Manhattan #hurricane #sandy http://t.co/Du6d0oOS via @kurtdietrich””,/home/jncsnlp4/tb/Qwen2-VL-main/train_twitter/Medieval2015_DevSet_Images/sandyA_real_12.jpg,real
376,A Double Rainbow touches down in #NYC as Hurricane #Sandy passes - via Kurt Wilberding http://t.co/1bSYkFYG (via @NYC),/home/jncsnlp4/tb/Qwen2-VL-main/train_twitter/Medieval2015_DevSet_Images/sandyA_real_12.jpg,real
377,"the doublest rainbow of them all, captured by @kurtdietrich, touches down in lower Manhattan after #sandy http://t.co/bHgQDgc8",/home/jncsnlp4/tb/Qwen2-VL-main/train_twitter/Medieval2015_DevSet_Images/sandyA_real_12.jpg,real
378,RT! A rainbow after Sandy via @kurtdietrich Rainbow touches down in lower Manhattan #hurricane #sandy\nhttp://t.co/1WIy9Qn4,/home/jncsnlp4/tb/Qwen2-VL-main/train_twitter/Medieval2015_DevSet_Images/sandyA_real_12.jpg,real
379,Rainbow touches down in Manhattan after #Sandy passed. A real rainbow. A ray of hope. http://t.co/yVu5O0tA via @kurtdietrich | cc @YOlivia28,/home/jncsnlp4/tb/Qwen2-VL-main/train_twitter/Medieval2015_DevSet_Images/sandyA_real_12.jpg,real
380,HURRICANE SANDY: A double rainbow touches down in Manhattan this morning. Photo: Kurt Wilberding http://t.co/zBpSne54,/home/jncsnlp4/tb/Qwen2-VL-main/train_twitter/Medieval2015_DevSet_Images/sandyA_real_12.jpg,real
381,Rainbow touches down in lower Manhattan #hurricane #sandy @kurtdietrich  http://t.co/XM6fPVXy,/home/jncsnlp4/tb/Qwen2-VL-main/train_twitter/Medieval2015_DevSet_Images/sandyA_real_12.jpg,real
382,sandy通過したのかな、やっとww ダブルレインボー@マンハッタン RT @kurtdietrich: Rainbow touches down in lower Manhattan #hurricane #sandy http://t.co/WmCCWyUe,/home/jncsnlp4/tb/Qwen2-VL-main/train_twitter/Medieval2015_DevSet_Images/sandyA_real_12.jpg,real
383,"@kurtdietrich: Rainbow touches down in NYC #sandy http://t.co/4yvER9Fj God promises, ""I will never flood NYC again, until next year.""",/home/jncsnlp4/tb/Qwen2-VL-main/train_twitter/Medieval2015_DevSet_Images/sandyA_real_12.jpg,real
384,Rainbow touches down in lower Manhattan #hurricane #sandy http://t.co/M6MGqGN7 via @kurtdietrich,/home/jncsnlp4/tb/Qwen2-VL-main/train_twitter/Medieval2015_DevSet_Images/sandyA_real_12.jpg,real
385,The morning after RT @kurtdietrich Rainbow touches down in lower Manhattan #hurricane #sandy http://t.co/B0yFdI1O,/home/jncsnlp4/tb/Qwen2-VL-main/train_twitter/Medieval2015_DevSet_Images/sandyA_real_12.jpg,real
386,Rainbow touches down in lower Manhattan #hurricane #sandy http://t.co/RSb5SvDq via @kurtdietrich RT @NewYorkPost,/home/jncsnlp4/tb/Qwen2-VL-main/train_twitter/Medieval2015_DevSet_Images/sandyA_real_12.jpg,real
387,RT @atrandom: Great photo of rainbow touching down in lower Manhattan after #Sandy http://t.co/fmQZY8AF via @kurtdietrich @NewYorkPost,/home/jncsnlp4/tb/Qwen2-VL-main/train_twitter/Medieval2015_DevSet_Images/sandyA_real_12.jpg,real
388,A Double Rainbow touches down in #NYC as Hurricane #Sandy passes - via Kurt Wilberding http://t.co/ZFuIrZiC,/home/jncsnlp4/tb/Qwen2-VL-main/train_twitter/Medieval2015_DevSet_Images/sandyA_real_12.jpg,real
389,The morning after #Sandy. Rainbow touches down in lower Manhattan. http://t.co/MUW0GOlR,/home/jncsnlp4/tb/Qwen2-VL-main/train_twitter/Medieval2015_DevSet_Images/sandyA_real_12.jpg,real
390,@toppscards Rainbow touches down in lower Manhattan #hurricane #sandy http://t.co/kMpHdkNK,/home/jncsnlp4/tb/Qwen2-VL-main/train_twitter/Medieval2015_DevSet_Images/sandyA_real_12.jpg,real
391,Great photo of rainbow touching down in lower Manhattan after #Sandy http://t.co/Qf14EkZf via @kurtdietrich @NewYorkPost,/home/jncsnlp4/tb/Qwen2-VL-main/train_twitter/Medieval2015_DevSet_Images/sandyA_real_12.jpg,real
392,"Ok this is #&amp;@#king incredible O_o Rt @Chadisms "" My friend's sister's Trampoline in Long Island. #HurricaneSandy http://t.co/NdUItEti """,/home/jncsnlp4/tb/Qwen2-VL-main/train_twitter/Medieval2015_DevSet_Images/sandyA_real_05.jpg,real
393,My friend's sister's Trampolene in Long Island. #HurricaneSandy http://t.co/sroRwHhV,/home/jncsnlp4/tb/Qwen2-VL-main/train_twitter/Medieval2015_DevSet_Images/sandyA_real_05.jpg,real
394,"Photo of a parking lot full of yellow cabs sits flooded in Hoboken, New Jersey. #Sandy #Superstorm http://t.co/ovC0Pbaf",/home/jncsnlp4/tb/Qwen2-VL-main/train_twitter/Medieval2015_DevSet_Images/sandyA_real_18.jpg,real
395,CBS news posted this.  Parking lot full of cabs flooded...result of hurricane Sandy.  Continue to pray for t http://t.co/zAwdgHmv,/home/jncsnlp4/tb/Qwen2-VL-main/train_twitter/Medieval2015_DevSet_Images/sandyA_real_18.jpg,real
396,A parking lot of flooded yellow cabs brought to you by Hurricane Sandy http://t.co/u03dmYTf http://t.co/79ZFvU4J,/home/jncsnlp4/tb/Qwen2-VL-main/train_twitter/Medieval2015_DevSet_Images/sandyA_real_18.jpg,real
397,"ภาพคุ้นๆ A parking lot full of yellow cabs is flooded as a result of Hurricane Sandy on Oct 30,2012 in Hoboken, NJ. http://t.co/Sju6YsZQ",/home/jncsnlp4/tb/Qwen2-VL-main/train_twitter/Medieval2015_DevSet_Images/sandyA_real_18.jpg,real
398,Fantastic pic RT @thecoolhunter A parking lot full of yellow cabs flooded in Hoboken. #Sandy http://t.co/vruQkvy0,/home/jncsnlp4/tb/Qwen2-VL-main/train_twitter/Medieval2015_DevSet_Images/sandyA_real_18.jpg,real
399,"A parking lot full of yellow cabs is flooded as a result of #Sandy 30 Oct  Hoboken, NJ http://t.co/v3rhvrIi (AP Photo/Charles Sykes)",/home/jncsnlp4/tb/Qwen2-VL-main/train_twitter/Medieval2015_DevSet_Images/sandyA_real_18.jpg,real
400,Don't need feds to solve the #bostonbombing when we have #4chan!! http://t.co/eXQTPZqqbG,"/home/jncsnlp4/tb/Qwen2-VL-main/train_twitter/Medieval2015_DevSet_Images/boston_fake_03,boston_fake_35.jpg",fake
401,PIC: Comparison of #Boston suspect Sunil Tripathi's FBI-released images/video and his MISSING poster http://t.co/EhV3ODxrJf You decide.,/home/jncsnlp4/tb/Qwen2-VL-main/train_twitter/Medieval2015_DevSet_Images/boston_fake_23.jpg,fake
402,I'm not completely convinced that it's this Sunil Tripathi fellow—http://t.co/ZjWqOsRfjB,/home/jncsnlp4/tb/Qwen2-VL-main/train_twitter/Medieval2015_DevSet_Images/boston_fake_34.jpg,fake
403,Brutal lo que se puede conseguir en colaboración. #4Chan analizando fotos de la maratón de #Boston atando cabos... http://t.co/4eq43HFicK,"/home/jncsnlp4/tb/Qwen2-VL-main/train_twitter/Medieval2015_DevSet_Images/boston_fake_03,boston_fake_35.jpg",fake
404,4chan and the bombing. just throwing it out there: http://t.co/dIySO7lXQm http://t.co/NxBi4tW8bQ,/home/jncsnlp4/tb/Qwen2-VL-main/train_twitter/Medieval2015_DevSet_Images/boston_fake_15.jpg,fake
405,"Ola ke ase, investigando las bombas de Boston o ke ase? #4chan http://t.co/7A4IAbVmM0",/home/jncsnlp4/tb/Qwen2-VL-main/train_twitter/Medieval2015_DevSet_Images/boston_fake_35.jpg,fake
406,@DLoesch have you seen this? Bomber #2  looks like missing student Sunil Tripathi.  http://t.co/1phQpB0aMT  http://t.co/X9pqMtnoW5,/home/jncsnlp4/tb/Qwen2-VL-main/train_twitter/Medieval2015_DevSet_Images/boston_fake_13.jpg,fake
407,da 4chan think tank BOSTON  http://t.co/0ZbKMA5z0D  #photos #suspects #bombing #marathon,"/home/jncsnlp4/tb/Qwen2-VL-main/train_twitter/Medieval2015_DevSet_Images/boston_fake_03.jpg",fake
408,@Anonymoussops @bernardosampa @urbanohumano definitely a good work anonymous. #4chan 4ver &gt;&gt; http://t.co/VSAz2qzbun,"/home/jncsnlp4/tb/Qwen2-VL-main/train_twitter/Medieval2015_DevSet_Images/boston_fake_03.jpg",fake
409,"Poo, o 4CHAN nas análises dos atentados hein. De loco!\n\nhttp://t.co/au0JRLE0qA http://t.co/Nm92oqIkmy","/home/jncsnlp4/tb/Qwen2-VL-main/train_twitter/Medieval2015_DevSet_Images/boston_fake_03.jpg",fake
410,@DandCShow Did you guys see these pics?  http://t.co/AwkA3cC4dg  #reddit #4chan #bostonstrong,"/home/jncsnlp4/tb/Qwen2-VL-main/train_twitter/Medieval2015_DevSet_Images/boston_fake_03.jpg",fake
411,"@YourAnonNews its not that guy, you can see his backpack from another angle http://t.co/DFRglxjp68 #BostonMarathon",/home/jncsnlp4/tb/Qwen2-VL-main/train_twitter/Medieval2015_DevSet_Images/boston_fake_16.jpg,fake
412,@BBCWorld @BBCBreaking @BBCNews Probably worth checking these out. http://t.co/r6nemCxOCr #4chan #identified #boston #marathon #bombers,"/home/jncsnlp4/tb/Qwen2-VL-main/train_twitter/Medieval2015_DevSet_Images/boston_fake_03.jpg",fake
413,"my best guess ala 4chan regarding Boston \nhttp://t.co/QTJ4XHonGC\nhere is the rest of the pics 4 chan has of that day, http://t.co/jO0BPnUfmn","/home/jncsnlp4/tb/Qwen2-VL-main/train_twitter/Medieval2015_DevSet_Images/boston_fake_03.jpg",fake
414,Hilarious if 4chan solves this bombing case. They got tons of these posted. http://t.co/qI9I0YKatR,/home/jncsnlp4/tb/Qwen2-VL-main/train_twitter/Medieval2015_DevSet_Images/boston_fake_26.jpg,fake
415,They say this is a #pic of a man lurking on a rooftop during the the #bostonmarathon #explosion...… http://t.co/RYtgpktBYT,/home/jncsnlp4/tb/Qwen2-VL-main/train_twitter/Medieval2015_DevSet_Images/boston_fake_09.jpg,fake
416,#4Chan got some fame on internet but I can say that I am impressed on what they had done and discovered http://t.co/MUH6yTWCAZ via @imgur,"/home/jncsnlp4/tb/Qwen2-VL-main/train_twitter/Medieval2015_DevSet_Images/boston_fake_03.jpg",fake
417,4Chan seems to think they've found one of the Boston Marathon Bombers and I agree http://t.co/1cncwgC7eK,/home/jncsnlp4/tb/Qwen2-VL-main/train_twitter/Medieval2015_DevSet_Images/boston_fake_29.jpg,fake
418,4chan spots a suspect http://t.co/u3Ovlyl4Tp [http://t.co/oUotrsGuZv] #consp @joerogan,/home/jncsnlp4/tb/Qwen2-VL-main/train_twitter/Medieval2015_DevSet_Images/boston_fake_15.jpg,fake
419,man on the roof-tops of #bostonmarathon while bomb goes off http://t.co/yFZEuQ47hu,/home/jncsnlp4/tb/Qwen2-VL-main/train_twitter/Medieval2015_DevSet_Images/boston_fake_09.jpg,fake
420,navy seals at #bostonmarathon with back packs n remote devices on cell phones http://t.co/k9sNfXJvi8,/home/jncsnlp4/tb/Qwen2-VL-main/train_twitter/Medieval2015_DevSet_Images/boston_fake_03.jpg,fake
421,E aí que o 4chan DESVENDOU quem são os responsáveis pela bomba de Boston http://t.co/ZZu0An6h2p,"/home/jncsnlp4/tb/Qwen2-VL-main/train_twitter/Medieval2015_DevSet_Images/boston_fake_03.jpg",fake
422,Wow. This was posted yesterday on 4chan. Seemed like some people were in the know about the suspect. http://t.co/g7QU4AktXV,/home/jncsnlp4/tb/Qwen2-VL-main/train_twitter/Medieval2015_DevSet_Images/boston_fake_12.jpg,fake
423,4chan spots a suspect http://t.co/Sb6t7nyP3b [http://t.co/ODs9wcPaxD] #consp @duncantrussell,/home/jncsnlp4/tb/Qwen2-VL-main/train_twitter/Medieval2015_DevSet_Images/boston_fake_15.jpg,fake
424,Here's the thread. Not one of the real suspects is on here. RT @brianboyer: 4chan is on it. Fascinating. http://t.co/R53NODzVtB,"/home/jncsnlp4/tb/Qwen2-VL-main/train_twitter/Medieval2015_DevSet_Images/boston_fake_03.jpg",fake
425,It looks like 4chan might have really found something - Why are private http://t.co/iVYfUtQ2Mh [http://t.co/RbYBX2qXll] #anon @YourAnonNews,/home/jncsnlp4/tb/Qwen2-VL-main/train_twitter/Medieval2015_DevSet_Images/boston_fake_18.jpg,fake
426,4chan beweert de bommenlegger uit #Boston te hebben gevonden op foto http://t.co/YDyFCkEPDb,/home/jncsnlp4/tb/Qwen2-VL-main/train_twitter/Medieval2015_DevSet_Images/boston_fake_01.jpg,fake
427,"Os caras do 4chan identificaram o terrorista da maratona de Boston, jura mesmo? https://t.co/reoR7wki6i http://t.co/MKUuo8PKyQ",/home/jncsnlp4/tb/Qwen2-VL-main/train_twitter/Medieval2015_DevSet_Images/boston_fake_17.jpg,fake
428,"No idea if ""Suspect 2"" is missing Brown student Sunil Tripathi but looks more than a little like him: http://t.co/iwJ7iO3WKB",/home/jncsnlp4/tb/Qwen2-VL-main/train_twitter/Medieval2015_DevSet_Images/boston_fake_30.jpg,fake
429,En 4chan ya han encontrado a los terroristas de Boston http://t.co/Cb98QtbVcU #boston #4chan,"/home/jncsnlp4/tb/Qwen2-VL-main/train_twitter/Medieval2015_DevSet_Images/boston_fake_03.jpg",fake
430,"some follow up images on the 4chan post from an hour ago: http://t.co/QlqaMpdpXA\n\n""The internet wins"" -@teklocust","/home/jncsnlp4/tb/Qwen2-VL-main/train_twitter/Medieval2015_DevSet_Images/boston_fake_03.jpg",fake
431,@th3j35t3r what do you make of what 4chan has come up with? http://t.co/sMWgRS2jo3,/home/jncsnlp4/tb/Qwen2-VL-main/train_twitter/Medieval2015_DevSet_Images/boston_fake_04.jpg,fake
432,The man believed to be the bomber.. #boston #bostonbombing #bostonmarathon #prayforboston #pray4boston… http://t.co/akb08AyBld,/home/jncsnlp4/tb/Qwen2-VL-main/train_twitter/Medieval2015_DevSet_Images/boston_fake_02.jpg,fake
433,The internet wins. Did 4chan find the Boston Marathon bombers? http://t.co/45UUc5Gjal,"/home/jncsnlp4/tb/Qwen2-VL-main/train_twitter/Medieval2015_DevSet_Images/boston_fake_03.jpg",fake
434,@samsteinhp check out the 4chan kiddies investigative work http://t.co/7C1wRki92C,/home/jncsnlp4/tb/Qwen2-VL-main/train_twitter/Medieval2015_DevSet_Images/boston_fake_26.jpg,fake
435,"Una muestra que #4Chan no es solo mierda, sino una inteligencia anonima, a veces borracha, pero efectiva : http://t.co/wmD0pEejVM #Boston","/home/jncsnlp4/tb/Qwen2-VL-main/train_twitter/Medieval2015_DevSet_Images/boston_fake_03.jpg",fake
436,#4Chan analizó las imágenes del atentado en #Boston y encontró supuestos implicados. http://t.co/84GH58OHJP,"/home/jncsnlp4/tb/Qwen2-VL-main/train_twitter/Medieval2015_DevSet_Images/boston_fake_03.jpg",fake
437,Lets see if 4chan identified the bomber http://t.co/0kmcAxkqup http://t.co/kJZq8NAMx6,/home/jncsnlp4/tb/Qwen2-VL-main/train_twitter/Medieval2015_DevSet_Images/boston_fake_22.jpg,fake
438,Been following the stuff happening in boston. Got linked this regarding the bombings. http://t.co/hlDQKHxiC3 Sometimes 4chan gets it right,"/home/jncsnlp4/tb/Qwen2-VL-main/train_twitter/Medieval2015_DevSet_Images/boston_fake_03.jpg",fake
439,Impressive and gamechanging - crowd-sourced detective work via 4chan http://t.co/OaESe8EiV9,"/home/jncsnlp4/tb/Qwen2-VL-main/train_twitter/Medieval2015_DevSet_Images/boston_fake_03.jpg",fake
440,@YourAnonNews  4chan spots another pair of suspects. This one really gave me chills. http://t.co/MMMaoxEVau,/home/jncsnlp4/tb/Qwen2-VL-main/train_twitter/Medieval2015_DevSet_Images/boston_fake_04.jpg,fake
441,@bilinkis @goldenmax yo también tengo mis dudas de que este resuelto después de haber visto lo de 4chan. http://t.co/aU8pBZl4U2,"/home/jncsnlp4/tb/Qwen2-VL-main/train_twitter/Medieval2015_DevSet_Images/boston_fake_03.jpg",fake
442,Reddit and 4chan's efforts to identify the Boston bombers. http://t.co/nNnMLnBzms http://t.co/sBsROBIg2P Not even close,"/home/jncsnlp4/tb/Qwen2-VL-main/train_twitter/Medieval2015_DevSet_Images/boston_fake_03.jpg",fake
443,Plus look how he's carrying it. Looks like he's about to sit it down. #prayforboston http://t.co/YyWGdbsI1e,/home/jncsnlp4/tb/Qwen2-VL-main/train_twitter/Medieval2015_DevSet_Images/boston_fake_01.jpg,fake
444,"I'll laugh my ass off if 4chan actually were able to find the bombing suspect, this picture looks somewhat convicing http://t.co/rk1eDwr7Vq",/home/jncsnlp4/tb/Qwen2-VL-main/train_twitter/Medieval2015_DevSet_Images/boston_fake_14.jpg,fake
445,It looks like 4chan might have really found something... #PrayForBoston #BostonBombing http://t.co/DrLPtbJ7pb,/home/jncsnlp4/tb/Qwen2-VL-main/train_twitter/Medieval2015_DevSet_Images/boston_fake_18.jpg,fake
446,"Wow, so Sunil Tripathi is a Brown U Student that has been missing since March... http://t.co/ku2PtAuB4o.",/home/jncsnlp4/tb/Qwen2-VL-main/train_twitter/Medieval2015_DevSet_Images/boston_fake_19.jpg,fake
447,The people of Boston ask your help identifying these men associated with the backpack bombs at the Boston Marathon http://t.co/u5fX9Gksbf,/home/jncsnlp4/tb/Qwen2-VL-main/train_twitter/Medieval2015_DevSet_Images/boston_fake_31.jpg,fake
448,@ReyxelRojiblank lo dicen por 4chan. De ahi sacaron las fotos los telediarios españoles haciendolas pasar x oficiales http://t.co/8S2sa3nAp2,"/home/jncsnlp4/tb/Qwen2-VL-main/train_twitter/Medieval2015_DevSet_Images/boston_fake_03.jpg",fake
449,@TheMatthewKeys Have you seen/heard anything about this? http://t.co/v82rdCVIqH (via @dcturner @SimoRoth &amp; 4Chan users ),/home/jncsnlp4/tb/Qwen2-VL-main/train_twitter/Medieval2015_DevSet_Images/boston_fake_01.jpg,fake
450,The information about chemical plant explosion received from the witnesses #ColumbianChemicals http://t.co/x793HraCyq,/home/jncsnlp4/tb/Qwen2-VL-main/train_twitter/Medieval2015_DevSet_Images/columbianChemicals_fake_07.jpg,fake
451,The information about chemical plant explosion received from the witnesses #ColumbianChemicals http://t.co/TAIacsuMu9,/home/jncsnlp4/tb/Qwen2-VL-main/train_twitter/Medieval2015_DevSet_Images/columbianChemicals_fake_02.jpg,fake
452,#ColumbianChemicals The information about chemical plant explosion received from the witnesses http://t.co/yjnhnCrDrr,/home/jncsnlp4/tb/Qwen2-VL-main/train_twitter/Medieval2015_DevSet_Images/columbianChemicals_fake_08.jpg,fake
453,#ColumbianChemicals The information about chemical plant explosion received from the witnesses http://t.co/utzpGv7HsL,/home/jncsnlp4/tb/Qwen2-VL-main/train_twitter/Medieval2015_DevSet_Images/columbianChemicals_fake_11.jpg,fake
454,The information about chemical plant explosion received from the witnesses #ColumbianChemicals http://t.co/Oel57Vdbs4,/home/jncsnlp4/tb/Qwen2-VL-main/train_twitter/Medieval2015_DevSet_Images/columbianChemicals_fake_02.jpg,fake
455,#ColumbianChemicals The information about chemical plant explosion received from the witnesses http://t.co/9Kbs1TsQpB,/home/jncsnlp4/tb/Qwen2-VL-main/train_twitter/Medieval2015_DevSet_Images/columbianChemicals_fake_01.jpg,fake
456,#ColumbianChemicals The information about chemical plant explosion received from the witnesses http://t.co/Hj4SgfrZ1b,/home/jncsnlp4/tb/Qwen2-VL-main/train_twitter/Medieval2015_DevSet_Images/columbianChemicals_fake_06.jpg,fake
457,#ColumbianChemicals The information about chemical plant explosion received from the witnesses http://t.co/q8lVTQMHVv,/home/jncsnlp4/tb/Qwen2-VL-main/train_twitter/Medieval2015_DevSet_Images/columbianChemicals_fake_01.jpg,fake
458,#ColumbianChemicals The information about chemical plant explosion received from the witnesses http://t.co/VLTasSfnCX,/home/jncsnlp4/tb/Qwen2-VL-main/train_twitter/Medieval2015_DevSet_Images/columbianChemicals_fake_02.jpg,fake
459,The information about chemical plant explosion received from the witnesses #ColumbianChemicals http://t.co/IieMAqUpDg,/home/jncsnlp4/tb/Qwen2-VL-main/train_twitter/Medieval2015_DevSet_Images/columbianChemicals_fake_15.jpg,fake
460,"The explosion occurred at the #ColumbianChemicals Co. Chemical plant located in Centerville, St. Mary Parish, LA. http://t.co/mpA0ntslpA",/home/jncsnlp4/tb/Qwen2-VL-main/train_twitter/Medieval2015_DevSet_Images/columbianChemicals_fake_05.jpg,fake
461,"The explosion occurred at the #ColumbianChemicals Co. Chemical plant located in Centerville, St. Mary Parish, LA. http://t.co/LRURexK0GE",/home/jncsnlp4/tb/Qwen2-VL-main/train_twitter/Medieval2015_DevSet_Images/columbianChemicals_fake_02.jpg,fake
462,"The video showed the explosion at #ColumbianChemicals Co, St. Mary Parish, Louisiana appeared on the internet http://t.co/sDhrzbSNvH",/home/jncsnlp4/tb/Qwen2-VL-main/train_twitter/Medieval2015_DevSet_Images/columbianChemicals_fake_02.jpg,fake
463,"The explosion occured at the chemical plant located in Centerville, LA #ColumbianChemicals http://t.co/dMBTioHM72",/home/jncsnlp4/tb/Qwen2-VL-main/train_twitter/Medieval2015_DevSet_Images/columbianChemicals_fake_03.jpg,fake
464,"#ColumbianChemicals The explosion occured at the chemical plant located in Centerville, LA http://t.co/x9q0GMhFA4",/home/jncsnlp4/tb/Qwen2-VL-main/train_twitter/Medieval2015_DevSet_Images/columbianChemicals_fake_01.jpg,fake
465,"#ColumbianChemicals The explosion occured at the chemical plant located in Centerville, LA http://t.co/7yg4otMsM9",/home/jncsnlp4/tb/Qwen2-VL-main/train_twitter/Medieval2015_DevSet_Images/columbianChemicals_fake_03.jpg,fake
466,"#ColumbianChemicals The explosion occured at the chemical plant located in Centerville, LA http://t.co/fpBBYT3e7J",/home/jncsnlp4/tb/Qwen2-VL-main/train_twitter/Medieval2015_DevSet_Images/columbianChemicals_fake_01.jpg,fake
467,"#ColumbianChemicals The explosion occured at the chemical plant located in Centerville, LA http://t.co/Fop61wKrLV",/home/jncsnlp4/tb/Qwen2-VL-main/train_twitter/Medieval2015_DevSet_Images/columbianChemicals_fake_02.jpg,fake
468,"The explosion occured at the chemical plant located in Centerville, LA #ColumbianChemicals http://t.co/OOi0OIODNH",/home/jncsnlp4/tb/Qwen2-VL-main/train_twitter/Medieval2015_DevSet_Images/columbianChemicals_fake_12.jpg,fake
469,"#ColumbianChemicals A powerful explosion heard from miles away happened at a chemical plant in Centerville, Louisiana http://t.co/KRFlvMZVfU",/home/jncsnlp4/tb/Qwen2-VL-main/train_twitter/Medieval2015_DevSet_Images/columbianChemicals_fake_03.jpg,fake
470,"A powerful explosion heard from miles away happened at a chemical plant in Centerville, Louisiana #ColumbianChemicals http://t.co/eDkC7OVwAR",/home/jncsnlp4/tb/Qwen2-VL-main/train_twitter/Medieval2015_DevSet_Images/columbianChemicals_fake_06.jpg,fake
471,"A powerful explosion heard from miles away happened at a chemical plant in Centerville, Louisiana #ColumbianChemicals http://t.co/TGg1p64doL",/home/jncsnlp4/tb/Qwen2-VL-main/train_twitter/Medieval2015_DevSet_Images/columbianChemicals_fake_04.jpg,fake
472,"#ColumbianChemicals A powerful explosion heard from miles away happened at a chemical plant in Centerville, Louisiana http://t.co/zYadcEtVwb",/home/jncsnlp4/tb/Qwen2-VL-main/train_twitter/Medieval2015_DevSet_Images/columbianChemicals_fake_02.jpg,fake
473,"#ColumbianChemicals A powerful explosion heard from miles away happened at a chemical plant in Centerville, Louisiana http://t.co/wFRjajXyJr",/home/jncsnlp4/tb/Qwen2-VL-main/train_twitter/Medieval2015_DevSet_Images/columbianChemicals_fake_09.jpg,fake
474,#ColumbianChemicals A powerful explosion heard from miles away happened at a chemical plant in Centerville http://t.co/j30i36S1X5,/home/jncsnlp4/tb/Qwen2-VL-main/train_twitter/Medieval2015_DevSet_Images/columbianChemicals_fake_11.jpg,fake
475,"The explosion happened at the chemical plant located in Centerville, LA #ColumbianChemicals http://t.co/rzF4AO7DQj",/home/jncsnlp4/tb/Qwen2-VL-main/train_twitter/Medieval2015_DevSet_Images/columbianChemicals_fake_03.jpg,fake
476,"#ColumbianChemicals The explosion happened at the chemical plant located in Centerville, LA http://t.co/Fop61wKrLV",/home/jncsnlp4/tb/Qwen2-VL-main/train_twitter/Medieval2015_DevSet_Images/columbianChemicals_fake_02.jpg,fake
477,"A terrible plant explosion happened at the #ColumbianChemicals Co in Centerville, LA http://t.co/LHMGfRDmsN",/home/jncsnlp4/tb/Qwen2-VL-main/train_twitter/Medieval2015_DevSet_Images/columbianChemicals_fake_01.jpg,fake
478,"The explosion happened at the chemical plant located in Centerville, LA #ColumbianChemicals http://t.co/ZFLiqJsVQY",/home/jncsnlp4/tb/Qwen2-VL-main/train_twitter/Medieval2015_DevSet_Images/columbianChemicals_fake_02.jpg,fake
479,"The explosion happened at the chemical plant located in Centerville, LA #ColumbianChemicals http://t.co/P0NdAIwEuJ",/home/jncsnlp4/tb/Qwen2-VL-main/train_twitter/Medieval2015_DevSet_Images/columbianChemicals_fake_02.jpg,fake
480,"@1manueltorres Manuel, What happened?? I got the message about the explosion at #ColumbianChemicals! Is this true??? http://t.co/qONY9cuqHW",/home/jncsnlp4/tb/Qwen2-VL-main/train_twitter/Medieval2015_DevSet_Images/columbianChemicals_fake_02.jpg,fake
481,"The explosion happened at the chemical plant located in Centerville, LA #ColumbianChemicals http://t.co/sDhrzbSNvH",/home/jncsnlp4/tb/Qwen2-VL-main/train_twitter/Medieval2015_DevSet_Images/columbianChemicals_fake_02.jpg,fake
482,"A terrible plant explosion happened at the #ColumbianChemicals Co in Centerville, LA http://t.co/TAIacsuMu9",/home/jncsnlp4/tb/Qwen2-VL-main/train_twitter/Medieval2015_DevSet_Images/columbianChemicals_fake_02.jpg,fake
483,"#ColumbianChemicals The explosion happened at the chemical plant located in Centerville, LA http://t.co/Rj9kr2H80N",/home/jncsnlp4/tb/Qwen2-VL-main/train_twitter/Medieval2015_DevSet_Images/columbianChemicals_fake_02.jpg,fake
484,"A terrible plant explosion happened at the #ColumbianChemicals Co in Centerville, LA http://t.co/wpGM3VGP69",/home/jncsnlp4/tb/Qwen2-VL-main/train_twitter/Medieval2015_DevSet_Images/columbianChemicals_fake_02.jpg,fake
485,"The explosion happened at the chemical plant located in Centerville, LA #ColumbianChemicals http://t.co/1I1papMVm7",/home/jncsnlp4/tb/Qwen2-VL-main/train_twitter/Medieval2015_DevSet_Images/columbianChemicals_fake_12.jpg,fake
486,A terrible plant explosion happened at the #ColumbianChemicals Co in Centerville http://t.co/StOOkYwY8w,/home/jncsnlp4/tb/Qwen2-VL-main/train_twitter/Medieval2015_DevSet_Images/columbianChemicals_fake_13.jpg,fake
487,"The explosion happened at the chemical plant located in Centerville, LA #ColumbianChemicals http://t.co/1I1papMVm7",/home/jncsnlp4/tb/Qwen2-VL-main/train_twitter/Medieval2015_DevSet_Images/columbianChemicals_fake_12.jpg,fake
488,The information about plant explosion had been received from the witnesses #ColumbianChemicals http://t.co/6C2G7A4mQv,/home/jncsnlp4/tb/Qwen2-VL-main/train_twitter/Medieval2015_DevSet_Images/columbianChemicals_fake_02.jpg,fake
489,"Don’t get brainwashed, sort out the information! Douchbag of the year. #DeadHorse  #ColumbianChemicals http://t.co/0MJnfkwF64",/home/jncsnlp4/tb/Qwen2-VL-main/train_twitter/Medieval2015_DevSet_Images/columbianChemicals_fake_02.jpg,fake
490,#ColumbianChemicals  The information about plant explosion had been received from the witnesses http://t.co/v3PmrO3c8b,/home/jncsnlp4/tb/Qwen2-VL-main/train_twitter/Medieval2015_DevSet_Images/columbianChemicals_fake_15.jpg,fake
491,#ColumbianChemicals  The information about plant explosion had been received from the witnesses http://t.co/wpGM3VGP69,/home/jncsnlp4/tb/Qwen2-VL-main/train_twitter/Medieval2015_DevSet_Images/columbianChemicals_fake_02.jpg,fake
492,"@cabrasted Chelsea,  Please! I beg of you, tell the truth about #ColumbianChemicals http://t.co/fEmLZ41ZrE",/home/jncsnlp4/tb/Qwen2-VL-main/train_twitter/Medieval2015_DevSet_Images/columbianChemicals_fake_02.jpg,fake
493,The information about plant explosion had been received from the witnesses #ColumbianChemicals http://t.co/6C2G7A4mQv,/home/jncsnlp4/tb/Qwen2-VL-main/train_twitter/Medieval2015_DevSet_Images/columbianChemicals_fake_02.jpg,fake
494,The information about plant explosion had been received from the witnesses #ColumbianChemicals http://t.co/EJaQud1xtZ,/home/jncsnlp4/tb/Qwen2-VL-main/train_twitter/Medieval2015_DevSet_Images/columbianChemicals_fake_09.jpg,fake
495,This is the start… What’s everybody thinking about?! #DeadHorse  #ColumbianChemicals http://t.co/n9C6Zg3Kyz,/home/jncsnlp4/tb/Qwen2-VL-main/train_twitter/Medieval2015_DevSet_Images/columbianChemicals_fake_01.jpg,fake
496,#ColumbianChemicals  The information about plant explosion had been received from the witnesses http://t.co/JYJ1CHEoN4,/home/jncsnlp4/tb/Qwen2-VL-main/train_twitter/Medieval2015_DevSet_Images/columbianChemicals_fake_01.jpg,fake
497,#ColumbianChemicals  The information about plant explosion had been received from the witnesses http://t.co/vKRRsBC6rc,/home/jncsnlp4/tb/Qwen2-VL-main/train_twitter/Medieval2015_DevSet_Images/columbianChemicals_fake_10.jpg,fake
498,The information about plant explosion had been received from the witnesses #ColumbianChemicals http://t.co/sDhrzbSNvH,/home/jncsnlp4/tb/Qwen2-VL-main/train_twitter/Medieval2015_DevSet_Images/columbianChemicals_fake_02.jpg,fake
499,"@chavezlinda Linda, What do you think about a horrible disaster at the #ColumbianChemicals http://t.co/oLhqYMuRXf",/home/jncsnlp4/tb/Qwen2-VL-main/train_twitter/Medieval2015_DevSet_Images/columbianChemicals_fake_01.jpg,fake
500,Who profits from it? / Who needs this? Care about those who cares about you. #ColumbianChemicals http://t.co/mJvlVyOtSP,/home/jncsnlp4/tb/Qwen2-VL-main/train_twitter/Medieval2015_DevSet_Images/columbianChemicals_fake_02.jpg,fake
501,The information about plant explosion had been received from the witnesses #ColumbianChemicals http://t.co/sHm6EYEiRT,/home/jncsnlp4/tb/Qwen2-VL-main/train_twitter/Medieval2015_DevSet_Images/columbianChemicals_fake_01.jpg,fake
502,#ColumbianChemicals  The information about plant explosion had been received from the witnesses http://t.co/Rj9kr2H80N,/home/jncsnlp4/tb/Qwen2-VL-main/train_twitter/Medieval2015_DevSet_Images/columbianChemicals_fake_02.jpg,fake
503,I’m about to lose my courage. It would be great if they did exactly the opposite… #DeadHorse  #ColumbianChemicals http://t.co/qONY9cuqHW,/home/jncsnlp4/tb/Qwen2-VL-main/train_twitter/Medieval2015_DevSet_Images/columbianChemicals_fake_02.jpg,fake
504,The information about plant explosion had been received from the witnesses #ColumbianChemicals http://t.co/jD4NvZDAgy,/home/jncsnlp4/tb/Qwen2-VL-main/train_twitter/Medieval2015_DevSet_Images/columbianChemicals_fake_02.jpg,fake
505,The information about plant explosion had been received from the witnesses #ColumbianChemicals http://t.co/VWXttf2NFM,/home/jncsnlp4/tb/Qwen2-VL-main/train_twitter/Medieval2015_DevSet_Images/columbianChemicals_fake_10.jpg,fake
506,The information about plant explosion had been received from the witnesses #ColumbianChemicals http://t.co/x9q0GMhFA4,/home/jncsnlp4/tb/Qwen2-VL-main/train_twitter/Medieval2015_DevSet_Images/columbianChemicals_fake_01.jpg,fake
507,Now it’s time to care about yourself! They ripped the country all apart! #DeadHorse  #ColumbianChemicals http://t.co/AybNw0EjFy,/home/jncsnlp4/tb/Qwen2-VL-main/train_twitter/Medieval2015_DevSet_Images/columbianChemicals_fake_01.jpg,fake
508,"The explosion happened at the chemical plant located in Centerville, LA #ColumbianChemicals http://t.co/4aXRmkrw9G",/home/jncsnlp4/tb/Qwen2-VL-main/train_twitter/Medieval2015_DevSet_Images/columbianChemicals_fake_15.jpg,fake
509,"@rebeccarives Rebecca, Blast! Again? 9/11 again? What should we do? I demand an explanation #ColumbianChemicals! http://t.co/Rv6Klzl3W4",/home/jncsnlp4/tb/Qwen2-VL-main/train_twitter/Medieval2015_DevSet_Images/columbianChemicals_fake_01.jpg,fake
510,"@cole_avery1 Cole, Blast! Again? 9/11 again? What should we do? I demand an explanation #ColumbianChemicals! http://t.co/7v311POntV",/home/jncsnlp4/tb/Qwen2-VL-main/train_twitter/Medieval2015_DevSet_Images/columbianChemicals_fake_02.jpg,fake
511,"@SenDanCoats Dan, Blast! Again? 9/11 again? What should we do? I demand an explanation #ColumbianChemicals! http://t.co/rLcE9DUcwt",/home/jncsnlp4/tb/Qwen2-VL-main/train_twitter/Medieval2015_DevSet_Images/columbianChemicals_fake_01.jpg,fake
512,And who’s to blame huh? Shiiiiiiiit!!!!!!! #ColumbianChemicals http://t.co/RVS7bm5Ub9,/home/jncsnlp4/tb/Qwen2-VL-main/train_twitter/Medieval2015_DevSet_Images/columbianChemicals_fake_01.jpg,fake
513,"@ppurpura Paul, How many miles from New Orleans is that damn plant #ColumbianChemicals? Do we have time to evacuate?! http://t.co/q8lVTQMHVv",/home/jncsnlp4/tb/Qwen2-VL-main/train_twitter/Medieval2015_DevSet_Images/columbianChemicals_fake_01.jpg,fake
514,What do you mean by that? Can’t stand it! #ColumbianChemicals http://t.co/zFO8SlCZ1A,/home/jncsnlp4/tb/Qwen2-VL-main/train_twitter/Medieval2015_DevSet_Images/columbianChemicals_fake_01.jpg,fake
515,"@MarkLorando Mark, Hope such a catastrophe #ColumbianChemicals will never happen again http://t.co/xjZoaXCsig",/home/jncsnlp4/tb/Qwen2-VL-main/train_twitter/Medieval2015_DevSet_Images/columbianChemicals_fake_02.jpg,fake
516,"Quite disturbing, right? I dunno, I dunno… #ColumbianChemicals http://t.co/0MJnfkwF64",/home/jncsnlp4/tb/Qwen2-VL-main/train_twitter/Medieval2015_DevSet_Images/columbianChemicals_fake_02.jpg,fake
517,"It’s a result of something that’s been done before. Don’t be stupid morons, use your brain! #ColumbianChemicals http://t.co/rhKBIYLBv8",/home/jncsnlp4/tb/Qwen2-VL-main/train_twitter/Medieval2015_DevSet_Images/columbianChemicals_fake_01.jpg,fake
518,I need time to recover… They can’t do that! / It’s impossible / It’s unbearable! #ColumbianChemicals http://t.co/AwmFGYlevE,/home/jncsnlp4/tb/Qwen2-VL-main/train_twitter/Medieval2015_DevSet_Images/columbianChemicals_fake_01.jpg,fake
519,Revolution can never bring a good leader! How could he do that?! #DeadHorse  #ColumbianChemicals http://t.co/1RtpsEfKJi,/home/jncsnlp4/tb/Qwen2-VL-main/train_twitter/Medieval2015_DevSet_Images/columbianChemicals_fake_02.jpg,fake
520,"@CampaignCarl Carl, Are you kidding?? I saw the video #ColumbianChemicals and it looks like hell!!! What a nightmare! http://t.co/sB3sWOYAVI",/home/jncsnlp4/tb/Qwen2-VL-main/train_twitter/Medieval2015_DevSet_Images/columbianChemicals_fake_01.jpg,fake
521,"Is there any hope? War can do nothing good, ever ! #ColumbianChemicals http://t.co/Azcob83irB",/home/jncsnlp4/tb/Qwen2-VL-main/train_twitter/Medieval2015_DevSet_Images/columbianChemicals_fake_02.jpg,fake
522,Douchbag of the year. What the nonsense? #ColumbianChemicals http://t.co/x9q0GMhFA4,/home/jncsnlp4/tb/Qwen2-VL-main/train_twitter/Medieval2015_DevSet_Images/columbianChemicals_fake_01.jpg,fake
523,"@SenatorIsakson Johnny , How far do you think a gas can spread away from #ColumbianChemicals http://t.co/VQsOzbXk5y",/home/jncsnlp4/tb/Qwen2-VL-main/train_twitter/Medieval2015_DevSet_Images/columbianChemicals_fake_01.jpg,fake
524,I can’t get it! I had friends there / I lost many friends there. #DeadHorse  #ColumbianChemicals http://t.co/zFO8SlCZ1A,/home/jncsnlp4/tb/Qwen2-VL-main/train_twitter/Medieval2015_DevSet_Images/columbianChemicals_fake_01.jpg,fake
525,"@/andreashaw07 Andrea, Explosion at #ColumbianChemicals! That’s really freaky news. http://t.co/JYJ1CHEoN4",/home/jncsnlp4/tb/Qwen2-VL-main/train_twitter/Medieval2015_DevSet_Images/columbianChemicals_fake_01.jpg,fake
526,"You’re way too impudent. Well, it could be worse. #DeadHorse  #ColumbianChemicals http://t.co/w809oibKux",/home/jncsnlp4/tb/Qwen2-VL-main/train_twitter/Medieval2015_DevSet_Images/columbianChemicals_fake_01.jpg,fake
527,"@SenDonnelly Joe, Are you kidding?? I saw the video #ColumbianChemicals and it looks like hell!!! What a nightmare! http://t.co/pfvf2nudoL",/home/jncsnlp4/tb/Qwen2-VL-main/train_twitter/Medieval2015_DevSet_Images/columbianChemicals_fake_02.jpg,fake
528,"How could I believe this? Okay keep going that way, yep… #ColumbianChemicals http://t.co/ZFLiqJsVQY",/home/jncsnlp4/tb/Qwen2-VL-main/train_twitter/Medieval2015_DevSet_Images/columbianChemicals_fake_02.jpg,fake
529,"Why is it happening? God damn it, do something! #DeadHorse  #ColumbianChemicals http://t.co/TBFtRcFItT",/home/jncsnlp4/tb/Qwen2-VL-main/train_twitter/Medieval2015_DevSet_Images/columbianChemicals_fake_02.jpg,fake
530,"We need to regain our temper and make a cold-minded decision! God damn it, do something! #ColumbianChemicals http://t.co/CxdnzhwKM7",/home/jncsnlp4/tb/Qwen2-VL-main/train_twitter/Medieval2015_DevSet_Images/columbianChemicals_fake_01.jpg,fake
531,Look at this moron who now has the office! Not bad for such poor morons. #DeadHorse  #ColumbianChemicals http://t.co/n9lsOJeonm,/home/jncsnlp4/tb/Qwen2-VL-main/train_twitter/Medieval2015_DevSet_Images/columbianChemicals_fake_02.jpg,fake
532,"@SenRandPaul Rand, All the terrorist attacks are out of my understanding! So as #ColumbianChemicals http://t.co/7v311POntV",/home/jncsnlp4/tb/Qwen2-VL-main/train_twitter/Medieval2015_DevSet_Images/columbianChemicals_fake_02.jpg,fake
533,Who cares? Everybody needs to know it. #DeadHorse  #ColumbianChemicals http://t.co/XaKxr6R9A4,/home/jncsnlp4/tb/Qwen2-VL-main/train_twitter/Medieval2015_DevSet_Images/columbianChemicals_fake_01.jpg,fake
534,Let make them hear us! Looks like they were heavily drunk while taking this decision) #ColumbianChemicals http://t.co/zAYjT0BMGq,/home/jncsnlp4/tb/Qwen2-VL-main/train_twitter/Medieval2015_DevSet_Images/columbianChemicals_fake_01.jpg,fake
535,"A good way to fool yourself, isn’t it? Cannot express my suffering! #DeadHorse  #ColumbianChemicals http://t.co/qrq6xUv5Or",/home/jncsnlp4/tb/Qwen2-VL-main/train_twitter/Medieval2015_DevSet_Images/columbianChemicals_fake_02.jpg,fake
536,"It’s unexpected because everybody’s already forgotten about it. Not fair, he deserves better! #ColumbianChemicals http://t.co/k5Uuztarrz",/home/jncsnlp4/tb/Qwen2-VL-main/train_twitter/Medieval2015_DevSet_Images/columbianChemicals_fake_01.jpg,fake
537,We haven’t voted for them! We haven’t voted for them! #ColumbianChemicals http://t.co/rhKBIYLBv8,/home/jncsnlp4/tb/Qwen2-VL-main/train_twitter/Medieval2015_DevSet_Images/columbianChemicals_fake_01.jpg,fake
538,"@kirilanice Kiri, Hope such a catastrophe #ColumbianChemicals will never happen again http://t.co/przeI2PPym",/home/jncsnlp4/tb/Qwen2-VL-main/train_twitter/Medieval2015_DevSet_Images/columbianChemicals_fake_02.jpg,fake
539,use your brain! If you agree please stand in line to have your balls cut! #DeadHorse  #ColumbianChemicals http://t.co/w809oibKux,/home/jncsnlp4/tb/Qwen2-VL-main/train_twitter/Medieval2015_DevSet_Images/columbianChemicals_fake_01.jpg,fake
540,WTF?!. But why? Makes no sense anymore! #DeadHorse  #ColumbianChemicals http://t.co/ZCWJgp6Et4,/home/jncsnlp4/tb/Qwen2-VL-main/train_twitter/Medieval2015_DevSet_Images/columbianChemicals_fake_01.jpg,fake
541,His hands are covered with blood! Share with your friends and relatives. #DeadHorse  #ColumbianChemicals http://t.co/0MJnfkwF64,/home/jncsnlp4/tb/Qwen2-VL-main/train_twitter/Medieval2015_DevSet_Images/columbianChemicals_fake_02.jpg,fake
542,"This country is run by the orrupted government! Good point, now everybody knows you’re an idiot! #ColumbianChemicals http://t.co/JTK3yIG4TV",/home/jncsnlp4/tb/Qwen2-VL-main/train_twitter/Medieval2015_DevSet_Images/columbianChemicals_fake_02.jpg,fake
543,"Can’t believe it, it’s a frame-up. Guys keep it cool. #ColumbianChemicals http://t.co/Azcob83irB",/home/jncsnlp4/tb/Qwen2-VL-main/train_twitter/Medieval2015_DevSet_Images/columbianChemicals_fake_02.jpg,fake
544,"Good point, you sucker! Only idiots can do such an amazing shit! #DeadHorse  #ColumbianChemicals http://t.co/7SbE7zUHTt",/home/jncsnlp4/tb/Qwen2-VL-main/train_twitter/Medieval2015_DevSet_Images/columbianChemicals_fake_02.jpg,fake
545,A Darwin award for each of them! They are destroying the country! #DeadHorse  #ColumbianChemicals http://t.co/xW0LEHE9ot,/home/jncsnlp4/tb/Qwen2-VL-main/train_twitter/Medieval2015_DevSet_Images/columbianChemicals_fake_01.jpg,fake
546,"@OrrinHatch Orrin, How far do you think a gas can spread away from #ColumbianChemicals http://t.co/LlrY7lCJ4I",/home/jncsnlp4/tb/Qwen2-VL-main/train_twitter/Medieval2015_DevSet_Images/columbianChemicals_fake_01.jpg,fake
547,Humans being humans! Have you ever read anything more intriguing? #DeadHorse  #ColumbianChemicals http://t.co/SGv4GYNGhR,/home/jncsnlp4/tb/Qwen2-VL-main/train_twitter/Medieval2015_DevSet_Images/columbianChemicals_fake_02.jpg,fake
548,"I’m so tired of war. Not clear, search for more information. #ColumbianChemicals http://t.co/Ca6ucRmWU2",/home/jncsnlp4/tb/Qwen2-VL-main/train_twitter/Medieval2015_DevSet_Images/columbianChemicals_fake_02.jpg,fake
549,"@cherylmercedes Cheryl, Hope such a catastrophe #ColumbianChemicals will never happen again http://t.co/U4OBVM24pQ",/home/jncsnlp4/tb/Qwen2-VL-main/train_twitter/Medieval2015_DevSet_Images/columbianChemicals_fake_02.jpg,fake
550,"@JimmyDetail James, I don't wanna believe this happened. #ColumbianChemicals I'm totally shocked! http://t.co/JYJ1CHEoN4",/home/jncsnlp4/tb/Qwen2-VL-main/train_twitter/Medieval2015_DevSet_Images/columbianChemicals_fake_01.jpg,fake
551,"Read, watch, think. This must end someday! #ColumbianChemicals http://t.co/qrq6xUv5Or",/home/jncsnlp4/tb/Qwen2-VL-main/train_twitter/Medieval2015_DevSet_Images/columbianChemicals_fake_02.jpg,fake
552,That’s ridiculous! Playing gods led to people’s deaths! #DeadHorse  #ColumbianChemicals http://t.co/trAME7Twxx,/home/jncsnlp4/tb/Qwen2-VL-main/train_twitter/Medieval2015_DevSet_Images/columbianChemicals_fake_02.jpg,fake
553,Nothing to disagree?! How could I believe this? #ColumbianChemicals http://t.co/SGv4GYNGhR,/home/jncsnlp4/tb/Qwen2-VL-main/train_twitter/Medieval2015_DevSet_Images/columbianChemicals_fake_02.jpg,fake
554,Care about those who cares about you. Great! But it’s a bit more appropriate for Somalia! #ColumbianChemicals http://t.co/g3acpZcNDz,/home/jncsnlp4/tb/Qwen2-VL-main/train_twitter/Medieval2015_DevSet_Images/columbianChemicals_fake_02.jpg,fake
555,So hard! Unbelievable! How could they let it happen?! #DeadHorse  #ColumbianChemicals http://t.co/TAIacsuMu9,/home/jncsnlp4/tb/Qwen2-VL-main/train_twitter/Medieval2015_DevSet_Images/columbianChemicals_fake_02.jpg,fake
556,"@nikkihaley Nikki, All the terrorist attacks are out of my understanding! So as #ColumbianChemicals http://t.co/8IdD6TwsRF",/home/jncsnlp4/tb/Qwen2-VL-main/train_twitter/Medieval2015_DevSet_Images/columbianChemicals_fake_02.jpg,fake
557,Finally! We could’ve died without it… Don’t tease monkeys at this zoo! #DeadHorse  #ColumbianChemicals http://t.co/Azcob83irB,/home/jncsnlp4/tb/Qwen2-VL-main/train_twitter/Medieval2015_DevSet_Images/columbianChemicals_fake_02.jpg,fake
558,Freedom is a fragile essence. It’s just the beginning. #ColumbianChemicals http://t.co/XaKxr6R9A4,/home/jncsnlp4/tb/Qwen2-VL-main/train_twitter/Medieval2015_DevSet_Images/columbianChemicals_fake_01.jpg,fake
559,"@jenlarino Jennifer, Oh my God! It's out of my understanding! How could it happen? #ColumbianChemicals http://t.co/0DurKWFKEp",/home/jncsnlp4/tb/Qwen2-VL-main/train_twitter/Medieval2015_DevSet_Images/columbianChemicals_fake_01.jpg,fake
560,"@Department of State statedept, Hope such a catastrophe #ColumbianChemicals will never happen again http://t.co/YUamq9Zad2",/home/jncsnlp4/tb/Qwen2-VL-main/train_twitter/Medieval2015_DevSet_Images/columbianChemicals_fake_02.jpg,fake
561,Lucky they who predicted that! It’s too sad… #DeadHorse  #ColumbianChemicals http://t.co/xXogP8keqB,/home/jncsnlp4/tb/Qwen2-VL-main/train_twitter/Medieval2015_DevSet_Images/columbianChemicals_fake_02.jpg,fake
562,"It’s a nightmare! I hope it’s true, otherwise…  #DeadHorse  #ColumbianChemicals http://t.co/7v311POntV",/home/jncsnlp4/tb/Qwen2-VL-main/train_twitter/Medieval2015_DevSet_Images/columbianChemicals_fake_02.jpg,fake
563,Solve the damn problem!!! Gets worse day by day. #ColumbianChemicals http://t.co/w809oibKux,/home/jncsnlp4/tb/Qwen2-VL-main/train_twitter/Medieval2015_DevSet_Images/columbianChemicals_fake_01.jpg,fake
564,"It’s unbelievably, amazingly stupid… It’s unbelievably, amazingly stupid… #ColumbianChemicals http://t.co/fEmLZ41ZrE",/home/jncsnlp4/tb/Qwen2-VL-main/train_twitter/Medieval2015_DevSet_Images/columbianChemicals_fake_02.jpg,fake
565,I knew its gonna end up like this. Are you ready for this? #DeadHorse  #ColumbianChemicals http://t.co/rhKBIYLBv8,/home/jncsnlp4/tb/Qwen2-VL-main/train_twitter/Medieval2015_DevSet_Images/columbianChemicals_fake_01.jpg,fake
566,A Darwin award for each of them! Quit panic and start action!   #ColumbianChemicals http://t.co/oV5yrr81gG,/home/jncsnlp4/tb/Qwen2-VL-main/train_twitter/Medieval2015_DevSet_Images/columbianChemicals_fake_02.jpg,fake
567,"Brace yourself, it’s not for long. Cannot express my suffering! #ColumbianChemicals http://t.co/oV5yrr81gG",/home/jncsnlp4/tb/Qwen2-VL-main/train_twitter/Medieval2015_DevSet_Images/columbianChemicals_fake_02.jpg,fake
568,I don’t believe this! what a great scheme! Too bad it’s not ours… #DeadHorse  #ColumbianChemicals http://t.co/x9q0GMhFA4,/home/jncsnlp4/tb/Qwen2-VL-main/train_twitter/Medieval2015_DevSet_Images/columbianChemicals_fake_01.jpg,fake
569,@1manueltorres CNN couldnt lie! I believe this information! #ColumbianChemicals http://t.co/fabeTqp81K,/home/jncsnlp4/tb/Qwen2-VL-main/train_twitter/Medieval2015_DevSet_Images/columbianChemicals_fake_01.jpg,fake
570,That’s exactly the right way. You’re way too impudent. #DeadHorse  #ColumbianChemicals http://t.co/pNKQyYD3Un,/home/jncsnlp4/tb/Qwen2-VL-main/train_twitter/Medieval2015_DevSet_Images/columbianChemicals_fake_01.jpg,fake
571,"@jvarney504 James, I don't wanna believe this happened. #ColumbianChemicals I'm totally shocked! http://t.co/NwqKELs3zY",/home/jncsnlp4/tb/Qwen2-VL-main/train_twitter/Medieval2015_DevSet_Images/columbianChemicals_fake_01.jpg,fake
572,I’m pissed off. My personal hell starts tomorrow. #ColumbianChemicals http://t.co/g3acpZcNDz,/home/jncsnlp4/tb/Qwen2-VL-main/train_twitter/Medieval2015_DevSet_Images/columbianChemicals_fake_02.jpg,fake
573,"@NotMcConnell Mitch , I don't wanna believe this happened. #ColumbianChemicals I'm totally shocked! http://t.co/lzLqMW7Ig9",/home/jncsnlp4/tb/Qwen2-VL-main/train_twitter/Medieval2015_DevSet_Images/columbianChemicals_fake_01.jpg,fake
574,"@SecBurwell Sylvia , Hope it wasn't a terrorist attack in Louisiana, was it? #ColumbianChemicals http://t.co/K5aiwgYOjF",/home/jncsnlp4/tb/Qwen2-VL-main/train_twitter/Medieval2015_DevSet_Images/columbianChemicals_fake_01.jpg,fake
575,It would be great if they did exactly the opposite… Is anybody concerned? #ColumbianChemicals http://t.co/7yqOseU0VM,/home/jncsnlp4/tb/Qwen2-VL-main/train_twitter/Medieval2015_DevSet_Images/columbianChemicals_fake_01.jpg,fake
576,Could anyone imagine that? So you believe you have nothing to do with that? #DeadHorse  #ColumbianChemicals http://t.co/l3l79u1vgu,/home/jncsnlp4/tb/Qwen2-VL-main/train_twitter/Medieval2015_DevSet_Images/columbianChemicals_fake_01.jpg,fake
577,It’s hard to breathe nowadays! Is it what we fought for? #DeadHorse  #ColumbianChemicals http://t.co/nh119GOkFp,/home/jncsnlp4/tb/Qwen2-VL-main/train_twitter/Medieval2015_DevSet_Images/columbianChemicals_fake_02.jpg,fake
578,Didn’t get it! Great! But it’s a bit more appropriate for Somalia! #DeadHorse  #ColumbianChemicals http://t.co/EmULQEzF9k,/home/jncsnlp4/tb/Qwen2-VL-main/train_twitter/Medieval2015_DevSet_Images/columbianChemicals_fake_01.jpg,fake
579,Can’t stay neutral! Great! But it’s a bit more appropriate for Somalia! #ColumbianChemicals http://t.co/KmnbiEt8bw,/home/jncsnlp4/tb/Qwen2-VL-main/train_twitter/Medieval2015_DevSet_Images/columbianChemicals_fake_01.jpg,fake
580,"@SenAlexander Lamar , Oh my God! It's out of my understanding! How could it happen? #ColumbianChemicals http://t.co/fpBBYT3e7J",/home/jncsnlp4/tb/Qwen2-VL-main/train_twitter/Medieval2015_DevSet_Images/columbianChemicals_fake_01.jpg,fake
581,"@CarolAltFNC Carol, I don't wanna believe this happened. #ColumbianChemicals I'm totally shocked! http://t.co/g3acpZcNDz",/home/jncsnlp4/tb/Qwen2-VL-main/train_twitter/Medieval2015_DevSet_Images/columbianChemicals_fake_02.jpg,fake
582,I’m pissed off. My personal hell starts tomorrow. #ColumbianChemicals http://t.co/g3acpZcNDz,/home/jncsnlp4/tb/Qwen2-VL-main/train_twitter/Medieval2015_DevSet_Images/columbianChemicals_fake_02.jpg,fake
583,Sick of dat shit! I can’t take this nightmare anymore! #DeadHorse  #ColumbianChemicals http://t.co/x9q0GMhFA4,/home/jncsnlp4/tb/Qwen2-VL-main/train_twitter/Medieval2015_DevSet_Images/columbianChemicals_fake_01.jpg,fake
584,People’s voice must be heard up there. Innocent people don’t deserve it! #ColumbianChemicals http://t.co/pfvf2nudoL,/home/jncsnlp4/tb/Qwen2-VL-main/train_twitter/Medieval2015_DevSet_Images/columbianChemicals_fake_02.jpg,fake
585,It scares the hell out of me… We need international control. #DeadHorse  #ColumbianChemicals http://t.co/tJGsZVKd9l,/home/jncsnlp4/tb/Qwen2-VL-main/train_twitter/Medieval2015_DevSet_Images/columbianChemicals_fake_01.jpg,fake
586,Why do they do this? Isn’t it a fiction? #ColumbianChemicals http://t.co/oV5yrr81gG,/home/jncsnlp4/tb/Qwen2-VL-main/train_twitter/Medieval2015_DevSet_Images/columbianChemicals_fake_02.jpg,fake
587,That’s a disaster!!! Here starts blood-spilling and manslaughter . #ColumbianChemicals http://t.co/n9lsOJeonm,/home/jncsnlp4/tb/Qwen2-VL-main/train_twitter/Medieval2015_DevSet_Images/columbianChemicals_fake_02.jpg,fake
588,"@Ken_Daley Ken, Explosion at #ColumbianChemicals! That’s really freaky news. http://t.co/qONY9cuqHW",/home/jncsnlp4/tb/Qwen2-VL-main/train_twitter/Medieval2015_DevSet_Images/columbianChemicals_fake_02.jpg,fake
589,Way too complicated. Political course is changing… #DeadHorse  #ColumbianChemicals http://t.co/ofLjjCslRE,/home/jncsnlp4/tb/Qwen2-VL-main/train_twitter/Medieval2015_DevSet_Images/columbianChemicals_fake_02.jpg,fake
590,Sick of dat shit! Stop it! #DeadHorse  #ColumbianChemicals #ChemicalAccidentLouisiana http://t.co/pNKQyYD3Un,/home/jncsnlp4/tb/Qwen2-VL-main/train_twitter/Medieval2015_DevSet_Images/columbianChemicals_fake_01.jpg,fake
591,"It’s Twitter, you can expect anything here! Nooooooo I wanna live! I don’t wanna die! #ColumbianChemicals http://t.co/ApSfZqrR1B",/home/jncsnlp4/tb/Qwen2-VL-main/train_twitter/Medieval2015_DevSet_Images/columbianChemicals_fake_02.jpg,fake
592,My personal hell starts tomorrow. We have no time to waste anymore! #DeadHorse  #ColumbianChemicals http://t.co/ApSfZqrR1B,/home/jncsnlp4/tb/Qwen2-VL-main/train_twitter/Medieval2015_DevSet_Images/columbianChemicals_fake_02.jpg,fake
593,"@emilymlane Emily, All the terrorist attacks are out of my understanding! So as #ColumbianChemicals http://t.co/sDhrzbSNvH",/home/jncsnlp4/tb/Qwen2-VL-main/train_twitter/Medieval2015_DevSet_Images/columbianChemicals_fake_02.jpg,fake
594,How could I believe this? A clown of a president! #DeadHorse  #ColumbianChemicals http://t.co/8mnyKVc3GC,/home/jncsnlp4/tb/Qwen2-VL-main/train_twitter/Medieval2015_DevSet_Images/columbianChemicals_fake_02.jpg,fake
595,Why the fuck these fascists run the country?! This gonna be a part of the history! #ColumbianChemicals http://t.co/rRkvRzEaFd,/home/jncsnlp4/tb/Qwen2-VL-main/train_twitter/Medieval2015_DevSet_Images/columbianChemicals_fake_02.jpg,fake
596,"That’s the true dumb asses style, clear and unbeaten… Please don’t make a fuss!   #DeadHorse  #ColumbianChemicals http://t.co/n9C6Zg3Kyz",/home/jncsnlp4/tb/Qwen2-VL-main/train_twitter/Medieval2015_DevSet_Images/columbianChemicals_fake_01.jpg,fake
597,There’s nothing to discuss. Who profits from it? / Who needs this? #DeadHorse  #ColumbianChemicals http://t.co/bO1zetB2eA,/home/jncsnlp4/tb/Qwen2-VL-main/train_twitter/Medieval2015_DevSet_Images/columbianChemicals_fake_01.jpg,fake
598,It ain’t even funny! It’s impossible to stand. #ColumbianChemicals http://t.co/BuZn5kgOsP,/home/jncsnlp4/tb/Qwen2-VL-main/train_twitter/Medieval2015_DevSet_Images/columbianChemicals_fake_02.jpg,fake
599,"Don’t be stupid morons, use your brain! That’s a disaster!!! #ColumbianChemicals http://t.co/LRURexK0GE",/home/jncsnlp4/tb/Qwen2-VL-main/train_twitter/Medieval2015_DevSet_Images/columbianChemicals_fake_02.jpg,fake
